symbol,sector,signalDate,entryDate,exitDate,holdingDays,entryPrice,grossReturnPct,netReturnPct,maePct,mfePct,win,finalReason,nExits
ADANIENT,Misc Large-Cap,2024-07-01,2024-07-02,2024-07-03,1,3084.36,0.249,0.149,-1.58,0.83,1,thesis-break,1
ADANIPOWER,Power / Utilities,2024-07-01,2024-07-02,2024-07-03,1,143.47,-0.343,-0.443,-1.28,2.18,0,thesis-break,1
AUROPHARMA,Pharma / Healthcare,2024-07-01,2024-07-02,2024-07-08,6,1219.41,6.547,6.447,-1.35,8.88,1,target2,2
BAJAJ-AUTO,Auto,2024-07-01,2024-07-02,2024-07-03,1,9524.76,-1.124,-1.224,-1.51,0.32,0,thesis-break,1
COALINDIA,Metals / Mining,2024-07-01,2024-07-02,2024-07-09,7,478.24,3.202,3.102,-1.02,3.91,1,time-stop,1
COLPAL,FMCG / Consumer,2024-07-01,2024-07-02,2024-07-09,7,2889.44,3.621,3.521,-1.36,4.52,1,time-stop,1
HINDZINC,Metals / Mining,2024-07-01,2024-07-02,2024-07-09,7,660.23,4.955,4.855,-1.55,8.6,1,time-stop,2
INDIGO,Aviation / Logistics,2024-07-01,2024-07-02,2024-07-09,7,4237.07,1.555,1.455,-0.39,2.55,1,time-stop,1
IOC,Oil & Gas / Energy,2024-07-01,2024-07-02,2024-07-09,7,168.08,2.085,1.985,-0.64,2.81,1,time-stop,1
KEI,Infra / Capital Goods,2024-07-01,2024-07-02,2024-07-09,7,4497.25,1.447,1.347,-0.72,6.06,1,time-stop,1
LICI,Insurance,2024-07-01,2024-07-02,2024-07-02,0,499.25,-1.678,-1.778,-1.63,0.12,0,stop-loss,1
MARICO,FMCG / Consumer,2024-07-01,2024-07-02,2024-07-02,0,620.81,-2.832,-2.932,-3.19,0.11,0,stop-loss,1
NHPC,Power / Utilities,2024-07-01,2024-07-02,2024-07-09,7,100.4,5.575,5.475,-1.68,7.06,1,target2,2
OBEROIRLTY,Realty,2024-07-01,2024-07-02,2024-07-03,1,1778.89,1.021,0.921,-1.28,2.25,1,thesis-break,1
ONGC,Oil & Gas / Energy,2024-07-01,2024-07-02,2024-07-09,7,273.34,8.605,8.505,-0.67,10.85,1,time-stop,2
TATACHEM,Chemicals / Fertilizers,2024-07-01,2024-07-02,2024-07-09,7,1109.5,-2.46,-2.56,-2.78,0.95,0,time-stop,1
CIPLA,Pharma / Healthcare,2024-07-02,2024-07-03,2024-07-04,1,1494.75,-0.986,-1.086,-1.86,0.35,0,thesis-break,1
ITC,FMCG / Consumer,2024-07-02,2024-07-03,2024-07-09,6,400.73,4.568,4.468,-0.19,6.73,1,target2,2
LT,Infra / Capital Goods,2024-07-02,2024-07-03,2024-07-10,7,3652.18,-0.108,-0.208,-2.37,1.15,0,time-stop,1
TATASTEEL,Metals / Mining,2024-07-02,2024-07-03,2024-07-08,5,174.63,-1.395,-1.495,-1.45,2.04,0,thesis-break,1
VEDL,Metals / Mining,2024-07-02,2024-07-03,2024-07-10,7,172.29,-0.851,-0.951,-3.31,4.17,0,time-stop,1
ZYDUSLIFE,Pharma / Healthcare,2024-07-02,2024-07-03,2024-07-05,2,1081.44,5.73,5.63,-0.96,7.9,1,target2,2
BPCL,Oil & Gas / Energy,2024-07-03,2024-07-04,2024-07-09,5,306.75,-2.184,-2.284,-3.37,0.57,0,thesis-break,1
DMART,Consumer Durables / Retail,2024-07-03,2024-07-04,2024-07-11,7,4787.49,2.276,2.176,-1.31,3.79,1,time-stop,1
EICHERMOT,Auto,2024-07-03,2024-07-04,2024-07-11,7,4694.65,3.761,3.661,-0.7,5.55,1,time-stop,2
SBIN,Banks,2024-07-03,2024-07-04,2024-07-11,7,843.42,1.524,1.424,-1.08,3.15,1,time-stop,1
TATAPOWER,Power / Utilities,2024-07-03,2024-07-04,2024-07-11,7,434.17,1.384,1.284,-1.69,2.38,1,time-stop,1
TVSMOTOR,Auto,2024-07-04,2024-07-05,2024-07-12,7,2370.23,2.869,2.769,-0.05,5.13,1,time-stop,1
BANKBARODA,Banks,2024-07-05,2024-07-08,2024-07-08,0,268.13,-2.238,-2.338,-2.45,0,0,stop-loss,1
CANBK,Banks,2024-07-05,2024-07-08,2024-07-08,0,117.56,-2.099,-2.199,-2.47,0.44,0,stop-loss,1
CONCOR,Railways / PSU Infra,2024-07-05,2024-07-08,2024-07-09,1,851.59,-2.321,-2.421,-4.32,0.02,0,thesis-break,1
CROMPTON,Consumer Durables / Retail,2024-07-05,2024-07-08,2024-07-09,1,410.2,4.068,3.968,-0.17,7.74,1,target2,2
GODREJCP,FMCG / Consumer,2024-07-05,2024-07-08,2024-07-15,7,1381.14,3.971,3.871,-0.64,5.69,1,time-stop,1
POLYCAB,Infra / Capital Goods,2024-07-05,2024-07-08,2024-07-09,1,6642.32,-1.823,-1.923,-3.41,0.49,0,stop-loss,1
PRESTIGE,Realty,2024-07-05,2024-07-08,2024-07-09,1,1821.71,-2.204,-2.304,-3.22,1.15,0,thesis-break,1
VOLTAS,Consumer Durables / Retail,2024-07-05,2024-07-08,2024-07-16,8,1453.48,5.056,4.956,-0.99,5.94,1,time-stop,2
BAJAJ-AUTO,Auto,2024-07-08,2024-07-09,2024-07-12,3,9569.78,-1.502,-1.602,-1.95,0.84,0,thesis-break,1
BLUESTARCO,Consumer Durables / Retail,2024-07-08,2024-07-09,2024-07-09,0,1663.98,10.691,10.591,-1.02,14.05,1,target2,2
CIPLA,Pharma / Healthcare,2024-07-08,2024-07-09,2024-07-16,7,1497.65,0.801,0.701,-0.69,2.29,1,time-stop,1
EICHERMOT,Auto,2024-07-08,2024-07-09,2024-07-16,7,4759.98,3.228,3.128,-0.38,4.1,1,time-stop,1
LICI,Insurance,2024-07-08,2024-07-09,2024-07-16,7,507.5,8.183,8.083,-0.67,10.13,1,target2,2
LT,Infra / Capital Goods,2024-07-08,2024-07-09,2024-07-16,7,3651.82,-0.468,-0.568,-1.39,1.16,0,time-stop,1
UNITDSPR,FMCG / Consumer,2024-07-08,2024-07-09,2024-07-16,7,1279.64,1.431,1.331,-0.99,2.95,1,time-stop,1
ADANIPOWER,Power / Utilities,2024-07-09,2024-07-10,2024-07-15,5,146.88,-3.568,-3.668,-3.94,0.42,0,thesis-break,1
ASHOKLEY,Auto,2024-07-09,2024-07-10,2024-07-10,0,114.31,-1.991,-2.091,-3.22,0.29,0,stop-loss,1
INDIGO,Aviation / Logistics,2024-07-09,2024-07-10,2024-07-18,8,4316.16,2.291,2.191,-3.49,3.15,1,time-stop,1
IRCTC,Railways / PSU Infra,2024-07-09,2024-07-10,2024-07-18,8,1032.97,-2.248,-2.348,-3.8,2.56,0,time-stop,1
PIDILITIND,Chemicals / Fertilizers,2024-07-09,2024-07-10,2024-07-18,8,1564.28,2.021,1.921,-0.23,3.15,1,time-stop,1
TATAPOWER,Power / Utilities,2024-07-09,2024-07-10,2024-07-18,8,440.17,-2.371,-2.471,-3.03,1.15,0,time-stop,1
BHARATFORG,Auto,2024-07-10,2024-07-11,2024-07-12,1,1666.48,-2.901,-3.001,-3.15,0,0,thesis-break,1
CONCOR,Railways / PSU Infra,2024-07-10,2024-07-11,2024-07-18,7,843.54,-1.446,-1.546,-2.32,1.95,0,time-stop,1
DMART,Consumer Durables / Retail,2024-07-10,2024-07-11,2024-07-18,7,4856.33,4.624,4.524,-0.5,6.34,1,time-stop,1
PRESTIGE,Realty,2024-07-10,2024-07-11,2024-07-12,1,1800.9,-2.034,-2.134,-2.83,0.53,0,thesis-break,1
SRF,Chemicals / Fertilizers,2024-07-10,2024-07-11,2024-07-12,1,2407.2,-0.754,-0.854,-1.33,0.24,0,thesis-break,1
HEROMOTOCO,Auto,2024-07-11,2024-07-12,2024-07-19,7,5536.67,-2.017,-2.117,-2.99,2.21,0,time-stop,1
HINDZINC,Metals / Mining,2024-07-11,2024-07-12,2024-07-15,3,680.29,-3.075,-3.175,-4.01,0.55,0,thesis-break,1
POLYCAB,Infra / Capital Goods,2024-07-11,2024-07-12,2024-07-15,3,6647.27,0.259,0.159,-2.05,0.69,1,thesis-break,1
JINDALSTEL,Metals / Mining,2024-07-12,2024-07-15,2024-07-16,1,1018.41,-0.87,-0.97,-1.53,0.94,0,thesis-break,1
SHRIRAMFIN,NBFC / Financial Services,2024-07-12,2024-07-15,2024-07-22,7,562.88,0.412,0.312,-1.79,3.04,1,time-stop,1
ASHOKLEY,Auto,2024-07-15,2024-07-16,2024-07-18,2,115.41,-1.124,-1.224,-2.28,0,0,thesis-break,1
BAJFINANCE,NBFC / Financial Services,2024-07-15,2024-07-16,2024-07-22,6,708.35,-2.718,-2.818,-3.3,0.49,0,stop-loss,1
BHARATFORG,Auto,2024-07-15,2024-07-16,2024-07-19,3,1635.07,-2.326,-2.426,-3.67,1.88,0,stop-loss,1
CONCOR,Railways / PSU Infra,2024-07-15,2024-07-16,2024-07-18,2,857.23,-3.02,-3.12,-3.88,0.32,0,thesis-break,1
HDFCBANK,Banks,2024-07-15,2024-07-16,2024-07-18,2,810.79,-0.468,-0.568,-1.38,0.33,0,thesis-break,1
IDEA,Telecom,2024-07-15,2024-07-16,2024-07-19,3,17.55,-9.618,-9.718,-9.86,0.68,0,thesis-break,1
JIOFIN,NBFC / Financial Services,2024-07-15,2024-07-16,2024-07-16,0,350.17,-1.965,-2.065,-2.02,0.05,0,stop-loss,1
LODHA,Realty,2024-07-15,2024-07-16,2024-07-18,2,1464.43,0.781,0.681,-3.44,2.43,1,thesis-break,1
M&M,Auto,2024-07-15,2024-07-16,2024-07-24,8,2756.33,2.267,2.167,-1.14,3.56,1,time-stop,2
PRESTIGE,Realty,2024-07-15,2024-07-16,2024-07-19,3,1751.88,1.982,1.882,-2.25,5.87,1,thesis-break,1
SRF,Chemicals / Fertilizers,2024-07-15,2024-07-16,2024-07-19,3,2400.2,-2.245,-2.345,-2.88,0.66,0,stop-loss,1
TATAPOWER,Power / Utilities,2024-07-15,2024-07-16,2024-07-18,2,440.62,-2.47,-2.57,-2.64,1.05,0,thesis-break,1
VEDL,Metals / Mining,2024-07-15,2024-07-16,2024-07-18,2,174.82,-3.423,-3.523,-4.1,0.09,0,thesis-break,1
ADANIPOWER,Power / Utilities,2024-07-16,2024-07-18,2024-07-19,1,142.56,-3.121,-3.221,-3.2,0,0,stop-loss,1
CHOLAFIN,NBFC / Financial Services,2024-07-16,2024-07-18,2024-07-23,5,1408.7,-2.811,-2.911,-3.24,3.42,0,stop-loss,1
CIPLA,Pharma / Healthcare,2024-07-16,2024-07-18,2024-07-22,4,1497.75,-1.849,-1.949,-1.81,1.02,0,stop-loss,1
POLYCAB,Infra / Capital Goods,2024-07-16,2024-07-18,2024-07-19,1,6603.3,-3.911,-4.011,-5.24,1.67,0,stop-loss,1
JSWENERGY,Power / Utilities,2024-07-18,2024-07-19,2024-07-19,0,713.26,-2.783,-2.883,-3.88,0.63,0,stop-loss,1
ASHOKLEY,Auto,2024-07-22,2024-07-23,2024-07-23,0,115.71,-4.447,-4.547,-5.21,0.86,0,stop-loss,1
BHARATFORG,Auto,2024-07-22,2024-07-23,2024-07-23,0,1630.81,-4.975,-5.075,-8.02,0.21,0,stop-loss,1
HDFCBANK,Banks,2024-07-22,2024-07-23,2024-07-24,1,824.19,-3.192,-3.292,-3.66,0,0,stop-loss,1
LT,Infra / Capital Goods,2024-07-22,2024-07-23,2024-07-23,0,3671.43,-3.524,-3.624,-5.76,1.16,0,stop-loss,1
M&M,Auto,2024-07-22,2024-07-23,2024-07-30,7,2825.41,3.37,3.27,-2.9,4.41,1,time-stop,1
OBEROIRLTY,Realty,2024-07-22,2024-07-23,2024-07-24,1,1776.49,-1.943,-2.043,-5.88,2.15,0,thesis-break,1
PRESTIGE,Realty,2024-07-22,2024-07-23,2024-07-23,0,1768.88,-4.143,-4.243,-5.64,3.74,0,stop-loss,1
SHRIRAMFIN,NBFC / Financial Services,2024-07-22,2024-07-23,2024-07-23,0,565.68,-4.667,-4.767,-5.83,0,0,stop-loss,1
VEDL,Metals / Mining,2024-07-22,2024-07-23,2024-07-23,0,168.26,-3.145,-3.245,-8.69,0,0,stop-loss,1
BLUESTARCO,Consumer Durables / Retail,2024-07-23,2024-07-24,2024-07-25,1,1684.59,-1.286,-1.386,-3.54,0.96,0,thesis-break,1
CIPLA,Pharma / Healthcare,2024-07-23,2024-07-24,2024-07-31,7,1496.1,3.978,3.878,-0.74,6.94,1,time-stop,2
HEROMOTOCO,Auto,2024-07-23,2024-07-24,2024-07-25,1,5515.76,-2.09,-2.19,-2.95,0,0,thesis-break,1
JSWINFRA,Misc Large-Cap,2024-07-23,2024-07-24,2024-07-31,7,330.87,2.391,2.291,-0.72,7.14,1,time-stop,1
BIOCON,Pharma / Healthcare,2024-07-24,2024-07-25,2024-08-01,7,346.27,2.398,2.298,-1.13,8.82,1,time-stop,1
CGPOWER,Infra / Capital Goods,2024-07-24,2024-07-25,2024-08-01,7,700.35,3.982,3.882,-0.19,7.19,1,time-stop,1
CHAMBLFERT,Chemicals / Fertilizers,2024-07-24,2024-07-25,2024-07-26,1,492.25,0.6,0.5,-2.08,1.68,1,thesis-break,1
HINDZINC,Metals / Mining,2024-07-24,2024-07-25,2024-07-26,1,627.36,-3.909,-4.009,-4.52,0.27,0,stop-loss,1
IOC,Oil & Gas / Energy,2024-07-24,2024-07-25,2024-08-01,7,166.97,8.247,8.147,-0.26,11.38,1,time-stop,2
TRENT,Consumer Durables / Retail,2024-07-24,2024-07-25,2024-08-01,7,3518.36,9.434,9.334,-0.98,12.16,1,time-stop,2
ADANIPORTS,Aviation / Logistics,2024-07-25,2024-07-26,2024-08-02,7,1496.65,6.537,6.437,-0.44,7.24,1,time-stop,2
HAVELLS,Infra / Capital Goods,2024-07-25,2024-07-26,2024-07-29,3,1846.92,-0.554,-0.654,-1.13,0.85,0,thesis-break,1
KOTAKBANK,Banks,2024-07-25,2024-07-26,2024-07-30,4,351.8,1.49,1.39,-0.05,4.03,1,thesis-break,1
MOTHERSON,Auto,2024-07-25,2024-07-26,2024-08-02,7,127.65,0.874,0.774,-0.05,4,1,time-stop,1
ADANIPOWER,Power / Utilities,2024-07-26,2024-07-29,2024-08-05,7,143.87,-4.01,-4.11,-5.33,4.66,0,time-stop,1
BAJAJ-AUTO,Auto,2024-07-26,2024-07-29,2024-08-05,7,9553.97,-0.771,-0.871,-1.93,3.04,0,time-stop,1
BEL,Defence / Aerospace,2024-07-26,2024-07-29,2024-08-02,4,312.96,-3.247,-3.347,-3.6,4.34,0,thesis-break,1
CUMMINSIND,Infra / Capital Goods,2024-07-26,2024-07-29,2024-08-02,4,3731.86,-6.542,-6.642,-6.97,3.65,0,stop-loss,1
IDEA,Telecom,2024-07-26,2024-07-29,2024-08-02,4,16.01,0.637,0.537,-1.62,3.19,1,thesis-break,1
JSWENERGY,Power / Utilities,2024-07-26,2024-07-29,2024-08-05,7,698.4,-2.046,-2.146,-3.21,7.1,0,time-stop,1
KEI,Infra / Capital Goods,2024-07-26,2024-07-29,2024-07-30,1,4402.2,-2.21,-2.31,-3.82,1.77,0,thesis-break,1
NHPC,Power / Utilities,2024-07-26,2024-07-29,2024-08-01,3,105.3,-0.287,-0.387,-1.42,1.28,0,thesis-break,1
POLYCAB,Infra / Capital Goods,2024-07-26,2024-07-29,2024-08-05,7,6588.24,-2.029,-2.129,-2.37,4.82,0,time-stop,1
RELIANCE,Oil & Gas / Energy,2024-07-26,2024-07-29,2024-07-30,1,1512.71,-0.021,-0.121,-0.18,0.98,0,thesis-break,1
SOLARINDS,Defence / Aerospace,2024-07-26,2024-07-29,2024-07-30,1,11193.94,-2.98,-3.08,-4.5,0.93,0,thesis-break,1
THERMAX,Infra / Capital Goods,2024-07-26,2024-07-29,2024-07-30,1,5122.56,-1.29,-1.39,-1.75,0.44,0,thesis-break,1
WIPRO,IT,2024-07-26,2024-07-29,2024-07-31,2,264.13,-1.234,-1.334,-1.67,0.44,0,thesis-break,1
ABB,Infra / Capital Goods,2024-07-29,2024-07-30,2024-07-31,1,7993.99,-1.265,-1.365,-2.55,0.69,0,thesis-break,1
BDL,Defence / Aerospace,2024-07-29,2024-07-30,2024-07-31,1,1470.53,-0.759,-0.859,-0.89,1.87,0,thesis-break,1
CHAMBLFERT,Chemicals / Fertilizers,2024-07-29,2024-07-30,2024-08-06,7,505.05,-2.633,-2.733,-3.43,6.62,0,time-stop,1
GODREJPROP,Realty,2024-07-29,2024-07-30,2024-08-01,2,3131.57,2.342,2.242,-1,5.33,1,stop-loss,2
HAL,Defence / Aerospace,2024-07-29,2024-07-30,2024-07-31,1,5052.47,-2.614,-2.714,-2.78,0.58,0,thesis-break,1
HDFCBANK,Banks,2024-07-29,2024-07-30,2024-07-31,1,801.4,0.758,0.658,-0.24,1.99,1,thesis-break,1
HEROMOTOCO,Auto,2024-07-29,2024-07-30,2024-08-02,3,5457.73,-2.688,-2.788,-4.05,1.65,0,stop-loss,1
HINDZINC,Metals / Mining,2024-07-29,2024-07-30,2024-08-06,7,640.32,-4.986,-5.086,-5.52,3.57,0,time-stop,1
IRFC,NBFC / Financial Services,2024-07-29,2024-07-30,2024-08-02,3,196.9,-2.37,-2.47,-6.26,0.71,0,thesis-break,1
SIEMENS,Infra / Capital Goods,2024-07-29,2024-07-30,2024-07-31,1,3531.48,0.363,0.263,-2.58,1.08,1,thesis-break,1
VEDL,Metals / Mining,2024-07-29,2024-07-30,2024-08-02,3,167.28,-2.912,-3.012,-3.29,3.41,0,thesis-break,1
CONCOR,Railways / PSU Infra,2024-07-30,2024-07-31,2024-08-01,1,847.78,-2.094,-2.194,-2.82,0,0,thesis-break,1
HAVELLS,Infra / Capital Goods,2024-07-30,2024-07-31,2024-08-02,2,1823.91,-0.292,-0.392,-0.91,2.25,0,thesis-break,1
ICICIBANK,Banks,2024-07-30,2024-07-31,2024-08-01,1,1219.61,-0.829,-0.929,-1.04,0.41,0,thesis-break,1
MOTHERSON,Auto,2024-07-30,2024-07-31,2024-08-05,5,130.74,-5.921,-6.021,-13.16,1.02,0,stop-loss,1
BLUESTARCO,Consumer Durables / Retail,2024-07-31,2024-08-01,2024-08-05,4,1738.82,-7.413,-7.513,-7.78,1.45,0,stop-loss,1
CUMMINSIND,Infra / Capital Goods,2024-07-31,2024-08-01,2024-08-02,1,3851.92,-5.431,-5.531,-9.87,0.34,0,stop-loss,1
HINDALCO,Metals / Mining,2024-07-31,2024-08-01,2024-08-05,4,680.34,-5.52,-5.62,-10.45,1.55,0,stop-loss,1
IDEA,Telecom,2024-07-31,2024-08-01,2024-08-02,1,16.37,-1.576,-1.676,-3.79,0.31,0,thesis-break,1
KEI,Infra / Capital Goods,2024-07-31,2024-08-01,2024-08-02,1,4385.14,-3.217,-3.317,-3.77,0.04,0,thesis-break,1
NHPC,Power / Utilities,2024-07-31,2024-08-01,2024-08-02,1,105.75,-2.356,-2.456,-3.21,0.52,0,thesis-break,1
SOLARINDS,Defence / Aerospace,2024-07-31,2024-08-01,2024-08-02,1,10854.42,-2.058,-2.158,-2.33,0.6,0,thesis-break,1
THERMAX,Infra / Capital Goods,2024-07-31,2024-08-01,2024-08-02,1,5085.34,-2.036,-2.136,-2.66,2.55,0,thesis-break,1
WIPRO,IT,2024-07-31,2024-08-01,2024-08-02,1,261.63,-4.08,-4.18,-4.25,0.68,0,thesis-break,1
COCHINSHIP,Defence / Aerospace,2024-08-01,2024-08-02,2024-08-05,3,2503.45,-2.477,-2.577,-3.69,4.28,0,stop-loss,1
RELIANCE,Oil & Gas / Energy,2024-08-01,2024-08-02,2024-08-05,3,1505.75,-2.172,-2.272,-4.81,0.24,0,stop-loss,1
IRCON,Railways / PSU Infra,2024-08-02,2024-08-05,2024-08-06,1,271.14,-3.71,-3.81,-4.31,2.84,0,stop-loss,1
ETERNAL,New-Age Platforms,2024-08-06,2024-08-07,2024-08-14,7,261.66,-0.631,-0.731,-3.76,4.3,0,time-stop,1
BEL,Defence / Aerospace,2024-08-07,2024-08-08,2024-08-09,1,301.15,0.298,0.198,-1.33,1.28,1,thesis-break,1
BHEL,Infra / Capital Goods,2024-08-07,2024-08-08,2024-08-09,1,305.05,-0.984,-1.084,-2.61,0.25,0,thesis-break,1
BIOCON,Pharma / Healthcare,2024-08-07,2024-08-08,2024-08-09,1,347.07,-2.964,-3.064,-4.15,0.71,0,thesis-break,1
CHOLAFIN,NBFC / Financial Services,2024-08-07,2024-08-08,2024-08-09,1,1382.69,-2.511,-2.611,-3.3,0.27,0,thesis-break,1
CROMPTON,Consumer Durables / Retail,2024-08-07,2024-08-08,2024-08-16,8,438.12,0.447,0.347,-2.93,1.15,1,time-stop,1
CUMMINSIND,Infra / Capital Goods,2024-08-07,2024-08-08,2024-08-16,8,3701.85,1.558,1.458,-1.4,3.3,1,time-stop,1
GESHIP,Aviation / Logistics,2024-08-07,2024-08-08,2024-08-16,8,1332.67,3.5,3.4,-0.88,5.2,1,time-stop,1
HAVELLS,Infra / Capital Goods,2024-08-07,2024-08-08,2024-08-09,1,1825.91,-1.501,-1.601,-2.42,0.38,0,thesis-break,1
HDFCBANK,Banks,2024-08-07,2024-08-08,2024-08-14,6,812.41,-1.097,-1.197,-1.46,3.15,0,thesis-break,1
INDIGO,Aviation / Logistics,2024-08-07,2024-08-08,2024-08-09,1,4320.26,-0.745,-0.845,-1.83,0.34,0,thesis-break,1
JSWINFRA,Misc Large-Cap,2024-08-07,2024-08-08,2024-08-09,1,320.16,-0.709,-0.809,-1.55,1.36,0,thesis-break,1
LT,Infra / Capital Goods,2024-08-07,2024-08-08,2024-08-09,1,3622.81,-0.899,-0.999,-2.08,0.16,0,thesis-break,1
MOTHERSON,Auto,2024-08-07,2024-08-08,2024-08-09,1,120.67,3.669,3.569,-1.33,4.28,1,thesis-break,1
MPHASIS,IT,2024-08-07,2024-08-08,2024-08-09,1,2725.36,-0.228,-0.328,-3.24,1.47,0,thesis-break,1
OBEROIRLTY,Realty,2024-08-07,2024-08-08,2024-08-14,6,1759.48,-2.551,-2.651,-3.1,3.88,0,thesis-break,1
POLYCAB,Infra / Capital Goods,2024-08-07,2024-08-08,2024-08-13,5,6703.35,-4.692,-4.792,-4.8,0.4,0,stop-loss,1
RECLTD,NBFC / Financial Services,2024-08-07,2024-08-08,2024-08-09,1,586.29,0.054,-0.046,-0.75,1.35,0,thesis-break,1
RVNL,Railways / PSU Infra,2024-08-07,2024-08-08,2024-08-08,0,565.33,-4.401,-4.501,-6,3.13,0,stop-loss,1
SJVN,Power / Utilities,2024-08-07,2024-08-08,2024-08-09,1,140.47,-0.868,-0.968,-1.5,2.08,0,thesis-break,1
TRENT,Consumer Durables / Retail,2024-08-07,2024-08-08,2024-08-09,1,3678.51,12.641,12.541,-0.5,15.51,1,target2,2
ULTRACEMCO,Cement,2024-08-07,2024-08-08,2024-08-09,1,11505.75,-1.834,-1.934,-2.41,0.16,0,thesis-break,1
BHARATFORG,Auto,2024-08-09,2024-08-12,2024-08-13,1,1630.76,-3.097,-3.197,-4,0,0,thesis-break,1
BHARTIARTL,Telecom,2024-08-09,2024-08-12,2024-08-13,1,1466.73,-0.529,-0.629,-1.48,0.8,0,thesis-break,1
CGPOWER,Infra / Capital Goods,2024-08-09,2024-08-12,2024-08-13,1,711.36,-2.644,-2.744,-3.6,0.76,0,thesis-break,1
IDEA,Telecom,2024-08-09,2024-08-12,2024-08-13,1,16.13,-4.14,-4.24,-4.4,0.56,0,thesis-break,1
INFY,IT,2024-08-09,2024-08-12,2024-08-19,7,1773.94,5.069,4.969,-0.33,5.28,1,time-stop,1
KPITTECH,IT,2024-08-09,2024-08-12,2024-08-19,7,1743.87,5.142,5.042,-1.6,6.43,1,time-stop,1
M&M,Auto,2024-08-09,2024-08-12,2024-08-13,1,2750.52,-1.23,-1.33,-1.69,0.24,0,thesis-break,1
TCS,IT,2024-08-09,2024-08-12,2024-08-13,1,4232.11,-0.88,-0.98,-1.16,0.16,0,thesis-break,1
TMPV,Auto,2024-08-09,2024-08-12,2024-08-19,7,645.04,2.029,1.929,-1.74,3.89,1,time-stop,1
BEL,Defence / Aerospace,2024-08-12,2024-08-13,2024-08-14,1,302.15,-2.845,-2.945,-3.81,0.17,0,thesis-break,1
COFORGE,IT,2024-08-12,2024-08-13,2024-08-14,1,1175.59,-0.18,-0.28,-1.49,1.19,0,thesis-break,1
CUMMINSIND,Infra / Capital Goods,2024-08-12,2024-08-13,2024-08-20,7,3737.02,2.425,2.325,-2.05,2.86,1,time-stop,1
GESHIP,Aviation / Logistics,2024-08-12,2024-08-13,2024-08-20,7,1339.72,1.25,1.15,-0.65,5.99,1,time-stop,1
INDUSTOWER,Telecom,2024-08-12,2024-08-13,2024-08-14,1,418.21,-3.783,-3.883,-4.2,0,0,stop-loss,1
IRFC,NBFC / Financial Services,2024-08-12,2024-08-13,2024-08-14,1,186.59,-4.084,-4.184,-5.3,1.53,0,thesis-break,1
JSWINFRA,Misc Large-Cap,2024-08-12,2024-08-13,2024-08-14,1,320.31,-3.557,-3.657,-3.52,0.48,0,stop-loss,1
LTM,IT,2024-08-12,2024-08-13,2024-08-14,1,5349.27,1.413,1.313,-0.87,1.7,1,thesis-break,1
MAZDOCK,Defence / Aerospace,2024-08-12,2024-08-13,2024-08-20,7,2496.25,-9.326,-9.426,-14.25,2.95,0,stop-loss,1
MOTHERSON,Auto,2024-08-12,2024-08-13,2024-08-14,1,126.16,-2.514,-2.614,-6.1,0.27,0,thesis-break,1
MPHASIS,IT,2024-08-12,2024-08-13,2024-08-14,1,2728.96,-0.42,-0.52,-1.82,0.33,0,thesis-break,1
PRESTIGE,Realty,2024-08-12,2024-08-13,2024-08-20,7,1770.88,-0.035,-0.135,-2.52,6.08,0,time-stop,1
RECLTD,NBFC / Financial Services,2024-08-12,2024-08-13,2024-08-14,1,576.29,-2.553,-2.653,-2.82,1.11,0,stop-loss,1
SJVN,Power / Utilities,2024-08-12,2024-08-13,2024-08-20,7,141.08,-1.871,-1.971,-3.84,5.5,0,time-stop,1
ULTRACEMCO,Cement,2024-08-12,2024-08-13,2024-08-14,1,11369.68,-1.739,-1.839,-3.58,0,0,stop-loss,1
ADANIPORTS,Aviation / Logistics,2024-08-16,2024-08-19,2024-08-20,1,1501.7,-0.659,-0.759,-1.03,0.55,0,thesis-break,1
BIOCON,Pharma / Healthcare,2024-08-16,2024-08-19,2024-08-26,7,342.17,3.187,3.087,-0.44,4.93,1,time-stop,1
BPCL,Oil & Gas / Energy,2024-08-16,2024-08-19,2024-08-26,7,337.97,3.848,3.748,-0.48,5.93,1,time-stop,1
BRITANNIA,FMCG / Consumer,2024-08-16,2024-08-19,2024-08-26,7,5747.87,0.803,0.703,-0.52,1.95,1,time-stop,1
CGPOWER,Infra / Capital Goods,2024-08-16,2024-08-19,2024-08-26,7,722.36,2.121,2.021,-2.31,5.89,1,time-stop,1
CHOLAFIN,NBFC / Financial Services,2024-08-16,2024-08-19,2024-08-23,4,1369.83,-1.584,-1.684,-1.87,2.93,0,thesis-break,1
DABUR,FMCG / Consumer,2024-08-16,2024-08-19,2024-08-20,1,618.31,0.724,0.624,-0.56,1.15,1,thesis-break,1
HDFCBANK,Banks,2024-08-16,2024-08-19,2024-08-26,7,819.24,0.04,-0.06,-1.26,0.58,0,time-stop,1
ICICIBANK,Banks,2024-08-16,2024-08-19,2024-08-20,1,1191.6,-1.069,-1.169,-1.81,0.35,0,thesis-break,1
IDEA,Telecom,2024-08-16,2024-08-19,2024-08-26,7,15.88,-0.616,-0.716,-1.64,2.9,0,time-stop,1
INDIGO,Aviation / Logistics,2024-08-16,2024-08-19,2024-08-23,4,4301.95,6.777,6.677,-2.23,9.76,1,target2,2
KOTAKBANK,Banks,2024-08-16,2024-08-19,2024-08-26,7,356.29,1.692,1.592,-0.59,2.61,1,time-stop,1
OBEROIRLTY,Realty,2024-08-16,2024-08-19,2024-08-21,2,1780.89,-2.073,-2.173,-2.67,0,0,thesis-break,1
POLYCAB,Infra / Capital Goods,2024-08-16,2024-08-19,2024-08-26,7,6703.35,0.892,0.792,-3.11,2.69,1,time-stop,1
POWERGRID,Power / Utilities,2024-08-16,2024-08-19,2024-08-20,1,342.82,-0.726,-0.826,-1.17,0.14,0,thesis-break,1
SOLARINDS,Defence / Aerospace,2024-08-16,2024-08-19,2024-08-20,1,10585.29,-1.185,-1.285,-3.16,0.07,0,thesis-break,1
TATACOMM,Misc Large-Cap,2024-08-16,2024-08-19,2024-08-26,7,1865.78,4.338,4.238,-0.05,4.71,1,time-stop,1
TATACONSUM,FMCG / Consumer,2024-08-16,2024-08-19,2024-08-20,1,1198.6,-2.335,-2.435,-2.66,0.12,0,thesis-break,1
BEL,Defence / Aerospace,2024-08-19,2024-08-20,2024-08-27,7,302.3,-0.513,-0.613,-1.49,2.28,0,time-stop,1
CHAMBLFERT,Chemicals / Fertilizers,2024-08-19,2024-08-20,2024-08-27,7,500.25,4.603,4.503,-0.95,8.45,1,time-stop,2
CUMMINSIND,Infra / Capital Goods,2024-08-19,2024-08-20,2024-08-27,7,3781.89,-0.401,-0.501,-1.51,3.89,0,time-stop,1
INDUSTOWER,Telecom,2024-08-19,2024-08-20,2024-08-27,7,421.21,3.922,3.822,-0.38,4.41,1,time-stop,1
IOC,Oil & Gas / Energy,2024-08-19,2024-08-20,2024-08-27,7,172.08,0.63,0.53,-0.61,1.98,1,time-stop,1
LICI,Insurance,2024-08-19,2024-08-20,2024-08-21,1,537.75,0.755,0.655,-0.98,1.05,1,thesis-break,1
M&M,Auto,2024-08-19,2024-08-20,2024-08-23,3,2781.14,-0.846,-0.946,-2.05,0.07,0,thesis-break,1
MOTHERSON,Auto,2024-08-19,2024-08-20,2024-08-27,7,124.63,6.879,6.779,-2.57,7.43,1,time-stop,1
NTPC,Power / Utilities,2024-08-19,2024-08-20,2024-08-27,7,404.75,1.16,1.06,-1.28,2.83,1,time-stop,1
RECLTD,NBFC / Financial Services,2024-08-19,2024-08-20,2024-08-26,6,587.24,0.394,0.294,-0.98,3.02,1,thesis-break,1
SJVN,Power / Utilities,2024-08-19,2024-08-20,2024-08-21,1,141.87,-3.819,-3.919,-4.14,0,0,thesis-break,1
ULTRACEMCO,Cement,2024-08-19,2024-08-20,2024-08-21,1,11370.68,-1.542,-1.642,-1.84,1.36,0,thesis-break,1
DEEPAKNTR,Chemicals / Fertilizers,2024-08-20,2024-08-21,2024-08-23,2,2890.99,2.686,2.586,-3.72,7.01,1,stop-loss,2
DIVISLAB,Pharma / Healthcare,2024-08-20,2024-08-21,2024-08-28,7,4738.37,6.034,5.934,-0.07,7.55,1,target2,2
GRASIM,Cement,2024-08-20,2024-08-21,2024-08-28,7,2641.37,2.757,2.657,-0.61,5.28,1,time-stop,1
MRF,Auto Ancillary,2024-08-20,2024-08-21,2024-08-28,7,135367.65,1.049,0.949,-0.05,3.79,1,time-stop,1
RVNL,Railways / PSU Infra,2024-08-20,2024-08-21,2024-08-28,7,560.28,3.147,3.047,-1.3,6.46,1,time-stop,1
SIEMENS,Infra / Capital Goods,2024-08-20,2024-08-21,2024-08-28,7,3523.55,-1.97,-2.07,-2.08,0.59,0,time-stop,1
ZYDUSLIFE,Pharma / Healthcare,2024-08-20,2024-08-21,2024-08-26,5,1193.6,-3.389,-3.489,-7.41,2.21,0,stop-loss,1
ADANIPORTS,Aviation / Logistics,2024-08-21,2024-08-22,2024-08-23,1,1507.75,-1.14,-1.24,-1.44,0.12,0,thesis-break,1
BHARATFORG,Auto,2024-08-21,2024-08-22,2024-08-28,6,1608.7,-1.554,-1.654,-1.83,2.44,0,thesis-break,1
BHARTIARTL,Telecom,2024-08-21,2024-08-22,2024-08-29,7,1474.44,5.736,5.636,-0.64,6.6,1,time-stop,2
IDEA,Telecom,2024-08-21,2024-08-22,2024-08-26,4,15.96,-1.115,-1.215,-2.13,2.38,0,thesis-break,1
INDIGO,Aviation / Logistics,2024-08-21,2024-08-22,2024-08-26,4,4402.2,5.941,5.841,-0.6,7.76,1,target2,2
PFC,NBFC / Financial Services,2024-08-21,2024-08-22,2024-08-29,7,519.06,6.765,6.665,-1.46,7.21,1,time-stop,1
TATACOMM,Misc Large-Cap,2024-08-21,2024-08-22,2024-08-29,7,1892.85,2.067,1.967,-0.29,4.33,1,time-stop,1
TATACONSUM,FMCG / Consumer,2024-08-21,2024-08-22,2024-08-29,7,1184.64,1.115,1.015,-0.31,3.14,1,time-stop,1
HDFCBANK,Banks,2024-08-22,2024-08-23,2024-08-30,7,817.41,0.077,-0.023,-0.84,1.66,0,time-stop,1
ICICIBANK,Banks,2024-08-22,2024-08-23,2024-08-30,7,1193.6,2.931,2.831,-0.42,3.51,1,time-stop,1
PIDILITIND,Chemicals / Fertilizers,2024-08-22,2024-08-23,2024-08-29,6,1568.23,-1.822,-1.922,-2.85,0,0,thesis-break,1
SOLARINDS,Defence / Aerospace,2024-08-22,2024-08-23,2024-08-28,5,10498.75,-1.009,-1.109,-1.86,2.3,0,thesis-break,1
BIOCON,Pharma / Healthcare,2024-08-23,2024-08-26,2024-09-02,7,352.18,3.134,3.034,-0.6,4.49,1,time-stop,1
GODREJCP,FMCG / Consumer,2024-08-23,2024-08-26,2024-09-02,7,1438.72,2.127,2.027,-1.16,4.26,1,time-stop,1
IRFC,NBFC / Financial Services,2024-08-23,2024-08-26,2024-08-27,1,184.09,-1.809,-1.909,-2.09,0.06,0,thesis-break,1
POWERGRID,Power / Utilities,2024-08-23,2024-08-26,2024-08-27,1,336.62,-0.427,-0.527,-0.48,1.45,0,thesis-break,1
BEL,Defence / Aerospace,2024-08-26,2024-08-27,2024-08-28,1,306.75,-2.266,-2.366,-2.36,0.23,0,thesis-break,1
BHARATFORG,Auto,2024-08-26,2024-08-27,2024-08-28,1,1645.72,-3.768,-3.868,-4.04,0,0,thesis-break,1
IOC,Oil & Gas / Energy,2024-08-26,2024-08-27,2024-09-03,7,172.89,1.823,1.723,-0.66,4.81,1,time-stop,1
M&M,Auto,2024-08-26,2024-08-27,2024-09-03,7,2799.35,-0.568,-0.668,-2.06,1.77,0,time-stop,1
PFC,NBFC / Financial Services,2024-08-26,2024-08-27,2024-09-03,7,515.26,8.406,8.306,-0.58,9.03,1,time-stop,1
PRESTIGE,Realty,2024-08-26,2024-08-27,2024-08-28,1,1760.88,-2.683,-2.783,-3.78,0.63,0,thesis-break,1
RECLTD,NBFC / Financial Services,2024-08-26,2024-08-27,2024-09-03,7,590.29,6.572,6.472,-0.63,7.74,1,time-stop,1
ULTRACEMCO,Cement,2024-08-26,2024-08-27,2024-08-28,1,11394.79,-1.453,-1.553,-1.61,0.48,0,thesis-break,1
BLUESTARCO,Consumer Durables / Retail,2024-08-27,2024-08-28,2024-09-02,5,1727.66,-3.93,-4.03,-4.4,2.15,0,thesis-break,1
CHAMBLFERT,Chemicals / Fertilizers,2024-08-27,2024-08-28,2024-08-29,1,521.61,-2.485,-2.585,-4.03,0.69,0,thesis-break,1
DEEPAKNTR,Chemicals / Fertilizers,2024-08-27,2024-08-28,2024-08-29,1,2880.04,0.034,-0.066,-1.56,1.77,0,thesis-break,1
HDFCBANK,Banks,2024-08-27,2024-08-28,2024-09-04,7,819.29,0.146,0.046,-1.06,1.43,1,time-stop,1
LICI,Insurance,2024-08-27,2024-08-28,2024-08-30,2,540.5,-1.598,-1.698,-1.85,1.3,0,thesis-break,1
PIDILITIND,Chemicals / Fertilizers,2024-08-27,2024-08-28,2024-08-29,1,1558.28,-1.195,-1.295,-2.23,0,0,thesis-break,1
RVNL,Railways / PSU Infra,2024-08-27,2024-08-28,2024-09-04,7,580.09,2.123,2.023,-1.29,6.79,1,time-stop,1
GESHIP,Aviation / Logistics,2024-08-28,2024-08-29,2024-08-30,1,1309.2,1.687,1.587,-1.31,2.73,1,thesis-break,1
JSWINFRA,Misc Large-Cap,2024-08-29,2024-08-30,2024-09-03,4,323.71,-2.199,-2.299,-2.69,1.42,0,thesis-break,1
ADANIPORTS,Aviation / Logistics,2024-08-30,2024-09-02,2024-09-04,2,1490.74,-1.3,-1.4,-1.99,0.59,0,thesis-break,1
DLF,Realty,2024-08-30,2024-09-02,2024-09-06,4,850.42,-4.622,-4.722,-4.81,1.04,0,stop-loss,1
OBEROIRLTY,Realty,2024-08-30,2024-09-02,2024-09-09,7,1780.89,-2.199,-2.299,-3.47,0.94,0,time-stop,1
POWERGRID,Power / Utilities,2024-08-30,2024-09-02,2024-09-03,1,338.57,-1.207,-1.307,-1.35,0.39,0,thesis-break,1
CUMMINSIND,Infra / Capital Goods,2024-09-02,2024-09-03,2024-09-09,6,3840.82,-4.458,-4.558,-4.68,1.43,0,thesis-break,1
DEEPAKNTR,Chemicals / Fertilizers,2024-09-02,2024-09-03,2024-09-10,7,2925.46,1.444,1.344,-1.52,3.36,1,time-stop,1
DMART,Consumer Durables / Retail,2024-09-02,2024-09-03,2024-09-10,7,5031.51,6,5.9,-1.41,7.77,1,target2,2
GESHIP,Aviation / Logistics,2024-09-02,2024-09-03,2024-09-09,6,1322.46,-4.152,-4.252,-5.78,2.04,0,stop-loss,1
PRESTIGE,Realty,2024-09-02,2024-09-03,2024-09-10,7,1786.49,2.748,2.648,-2.6,5.51,1,time-stop,1
ULTRACEMCO,Cement,2024-09-02,2024-09-03,2024-09-10,7,11440.22,0.831,0.731,-1.16,3.34,1,time-stop,1
ETERNAL,New-Age Platforms,2024-09-03,2024-09-04,2024-09-04,0,244.57,-1.46,-1.56,-1.71,0.18,0,stop-loss,1
FEDERALBNK,Banks,2024-09-03,2024-09-04,2024-09-04,0,191.1,0.991,0.891,-2.28,0.34,1,stop-loss,1
HDFCBANK,Banks,2024-09-03,2024-09-04,2024-09-11,7,819.91,0.199,0.099,-0.59,0.86,1,time-stop,1
BHARATFORG,Auto,2024-09-04,2024-09-05,2024-09-06,1,1625.81,-4.637,-4.737,-4.84,0.25,0,thesis-break,1
BLUESTARCO,Consumer Durables / Retail,2024-09-04,2024-09-05,2024-09-12,7,1710.86,5.889,5.789,-1.45,6.67,1,time-stop,2
DLF,Realty,2024-09-04,2024-09-05,2024-09-06,1,853.43,-4.035,-4.135,-5.14,0.07,0,stop-loss,1
MRF,Auto Ancillary,2024-09-04,2024-09-05,2024-09-06,1,136318.13,-1.558,-1.658,-1.67,0.28,0,thesis-break,1
OBEROIRLTY,Realty,2024-09-04,2024-09-05,2024-09-09,4,1792.8,-2.849,-2.949,-4.11,0.27,0,thesis-break,1
PETRONET,Oil & Gas / Energy,2024-09-04,2024-09-05,2024-09-06,1,365.18,-3.167,-3.267,-3.61,1.46,0,stop-loss,1
MAZDOCK,Defence / Aerospace,2024-09-05,2024-09-06,2024-09-09,3,2291.14,-5.091,-5.191,-6.15,0.44,0,thesis-break,1
BHARTIARTL,Telecom,2024-09-06,2024-09-09,2024-09-16,7,1524.01,7.066,6.966,-0.05,8.59,1,time-stop,2
HAVELLS,Infra / Capital Goods,2024-09-09,2024-09-10,2024-09-13,3,1895.05,4.943,4.843,-0.05,6.75,1,target2,2
HDFCBANK,Banks,2024-09-09,2024-09-10,2024-09-17,7,827.41,0.794,0.694,-1.02,1.4,1,time-stop,1
KOTAKBANK,Banks,2024-09-09,2024-09-10,2024-09-17,7,359.78,2.603,2.503,-1.16,3.03,1,time-stop,1
KPITTECH,IT,2024-09-09,2024-09-10,2024-09-16,6,1773.59,2.022,1.922,-2.57,4.87,1,stop-loss,2
TATACONSUM,FMCG / Consumer,2024-09-09,2024-09-10,2024-09-17,7,1200.6,1.586,1.486,-0.36,2.81,1,time-stop,1
ASHOKLEY,Auto,2024-09-10,2024-09-11,2024-09-11,0,124.16,-2.843,-2.943,-3.29,0.46,0,stop-loss,1
CHAMBLFERT,Chemicals / Fertilizers,2024-09-10,2024-09-11,2024-09-12,1,511.26,-0.746,-0.846,-2.2,0.61,0,thesis-break,1
MRF,Auto Ancillary,2024-09-10,2024-09-11,2024-09-18,7,136288.11,-1.55,-1.65,-2.19,1.63,0,time-stop,1
NTPC,Power / Utilities,2024-09-10,2024-09-11,2024-09-18,7,399.2,3.693,3.593,-2.93,5.15,1,time-stop,1
POLYCAB,Infra / Capital Goods,2024-09-10,2024-09-11,2024-09-18,7,6718.36,-0.811,-0.911,-1.05,3.07,0,time-stop,1
WIPRO,IT,2024-09-10,2024-09-11,2024-09-18,7,262.63,2.405,2.305,-2.28,6.02,1,time-stop,1
CUMMINSIND,Infra / Capital Goods,2024-09-11,2024-09-12,2024-09-19,7,3826.91,-4.663,-4.763,-5.65,1.02,0,stop-loss,1
INDUSTOWER,Telecom,2024-09-11,2024-09-12,2024-09-16,4,431.12,-0.611,-0.711,-2.56,1.75,0,thesis-break,1
KEI,Infra / Capital Goods,2024-09-12,2024-09-13,2024-09-16,3,4420.91,0.101,0.001,-0.67,1.92,1,thesis-break,1
LT,Infra / Capital Goods,2024-09-12,2024-09-13,2024-09-20,7,3623.81,4.641,4.541,-0.66,5.14,1,time-stop,1
M&M,Auto,2024-09-12,2024-09-13,2024-09-23,10,2756.38,7.951,7.851,-1.62,10.9,1,target2,2
MOTHERSON,Auto,2024-09-12,2024-09-13,2024-09-20,7,122.89,10.117,10.017,-1.22,13.17,1,time-stop,2
OBEROIRLTY,Realty,2024-09-12,2024-09-13,2024-09-20,7,1779.49,4.295,4.195,-0.65,5.2,1,time-stop,1
POWERGRID,Power / Utilities,2024-09-12,2024-09-13,2024-09-19,6,339.97,-1.541,-1.641,-2.02,0.45,0,thesis-break,1
CGPOWER,Infra / Capital Goods,2024-09-13,2024-09-16,2024-09-23,7,718.31,7.692,7.592,-0.94,8.1,1,time-stop,1
HINDALCO,Metals / Mining,2024-09-13,2024-09-16,2024-09-23,7,680.44,1.435,1.335,-1.8,2.7,1,time-stop,1
RVNL,Railways / PSU Infra,2024-09-13,2024-09-16,2024-09-16,0,550.27,-1.287,-1.387,-1.39,0.74,0,stop-loss,1
CHAMBLFERT,Chemicals / Fertilizers,2024-09-16,2024-09-17,2024-09-19,2,515.76,-4.978,-5.078,-8.15,1.96,0,stop-loss,1
CUMMINSIND,Infra / Capital Goods,2024-09-16,2024-09-17,2024-09-19,2,3781.94,-2.823,-2.923,-4.53,2.22,0,stop-loss,1
INDUSTOWER,Telecom,2024-09-16,2024-09-17,2024-09-19,2,427.41,-3.476,-3.576,-14.29,1.45,0,stop-loss,1
MRF,Auto Ancillary,2024-09-16,2024-09-17,2024-09-18,1,137118.52,-2.146,-2.246,-2.78,0.11,0,thesis-break,1
VEDL,Metals / Mining,2024-09-16,2024-09-17,2024-09-18,1,168.74,-0.63,-0.73,-1.17,0.74,0,thesis-break,1
CROMPTON,Consumer Durables / Retail,2024-09-17,2024-09-18,2024-09-19,1,455.13,-2.547,-2.647,-2.79,0.05,0,stop-loss,1
EICHERMOT,Auto,2024-09-17,2024-09-18,2024-09-25,7,4866.43,0.542,0.442,-1.11,4.02,1,time-stop,1
KEI,Infra / Capital Goods,2024-09-17,2024-09-18,2024-09-20,2,4461.68,-3.704,-3.804,-4.9,2.69,0,stop-loss,1
M&M,Auto,2024-09-17,2024-09-18,2024-09-24,6,2782.89,8.23,8.13,-0.19,11.34,1,target2,2
OIL,Oil & Gas / Energy,2024-09-17,2024-09-18,2024-09-19,1,626.31,-9.37,-9.47,-11.57,0.11,0,stop-loss,1
POWERGRID,Power / Utilities,2024-09-17,2024-09-18,2024-09-19,1,338.67,-1.163,-1.263,-1.64,0.07,0,thesis-break,1
HDFCLIFE,Insurance,2024-09-18,2024-09-19,2024-09-23,4,700.7,3.003,2.903,-0.42,4.18,1,target2,2
NYKAA,New-Age Platforms,2024-09-19,2024-09-20,2024-09-23,3,201.98,-0.035,-0.135,-2.29,2.62,0,thesis-break,1
SBILIFE,Insurance,2024-09-19,2024-09-20,2024-09-25,5,1850.92,1.729,1.629,-0.53,4.16,1,stop-loss,2
GODREJCP,FMCG / Consumer,2024-09-20,2024-09-23,2024-09-24,1,1464.58,-1.294,-1.394,-2.41,0.03,0,thesis-break,1
RVNL,Railways / PSU Infra,2024-09-20,2024-09-23,2024-09-24,1,544.52,-3.404,-3.504,-4.13,0,0,thesis-break,1
BPCL,Oil & Gas / Energy,2024-09-23,2024-09-24,2024-09-25,1,338.72,0.269,0.169,-1.05,1.32,1,thesis-break,1
CROMPTON,Consumer Durables / Retail,2024-09-23,2024-09-24,2024-09-24,0,445.97,-1.471,-1.571,-2.45,0,0,stop-loss,1
DEEPAKNTR,Chemicals / Fertilizers,2024-09-23,2024-09-24,2024-09-25,1,2881.44,-1.857,-1.957,-2.36,0.82,0,thesis-break,1
HINDPETRO,Oil & Gas / Energy,2024-09-23,2024-09-24,2024-09-30,6,403.1,7.866,7.766,-0.11,10.88,1,target2,2
MRF,Auto Ancillary,2024-09-23,2024-09-24,2024-10-01,7,137278.6,2.123,2.023,-0.39,3.72,1,time-stop,1
AUROPHARMA,Pharma / Healthcare,2024-09-24,2024-09-25,2024-09-27,2,1507.75,0.189,0.089,-1.2,1.57,1,thesis-break,1
CHAMBLFERT,Chemicals / Fertilizers,2024-09-24,2024-09-25,2024-10-03,8,500.3,6.113,6.013,-0.05,10.32,1,time-stop,1
CUMMINSIND,Infra / Capital Goods,2024-09-24,2024-09-25,2024-09-26,1,3863.93,-1.854,-1.954,-3.47,1.63,0,thesis-break,1
HDFCLIFE,Insurance,2024-09-24,2024-09-25,2024-10-03,8,722.36,-3.545,-3.645,-3.58,2.53,0,stop-loss,1
INFY,IT,2024-09-24,2024-09-25,2024-09-26,1,1887.29,0.636,0.536,-0.56,1.62,1,thesis-break,1
DRREDDY,Pharma / Healthcare,2024-09-25,2024-09-26,2024-10-03,7,1343.63,0.21,0.11,-0.8,1.14,1,time-stop,1
NYKAA,New-Age Platforms,2024-09-26,2024-09-27,2024-09-30,3,201.2,-3.105,-3.205,-3.07,2.08,0,thesis-break,1
TECHM,IT,2024-09-27,2024-09-30,2024-09-30,0,1606.8,-2.337,-2.437,-2.42,0,0,stop-loss,1
DEEPAKNTR,Chemicals / Fertilizers,2024-09-30,2024-10-01,2024-10-04,3,2910.85,-2.878,-2.978,-3.26,2.61,0,thesis-break,1
DRREDDY,Pharma / Healthcare,2024-09-30,2024-10-01,2024-10-07,6,1351,-2.5,-2.6,-2.57,0.59,0,stop-loss,1
LUPIN,Pharma / Healthcare,2024-09-30,2024-10-01,2024-10-03,2,2193.1,-0.483,-0.583,-1.77,1.18,0,thesis-break,1
INFY,IT,2024-10-01,2024-10-03,2024-10-10,7,1890.44,1.46,1.36,-0.5,4.58,1,time-stop,1
POLICYBZR,New-Age Platforms,2024-10-01,2024-10-03,2024-10-04,1,1724.86,-0.705,-0.805,-5.42,3.14,0,thesis-break,1
TECHM,IT,2024-10-03,2024-10-04,2024-10-11,7,1591.8,3.419,3.319,-0.05,5.29,1,time-stop,1
GAIL,Oil & Gas / Energy,2024-10-14,2024-10-15,2024-10-17,2,230.25,-3.623,-3.723,-4.07,1.85,0,thesis-break,1
MAZDOCK,Defence / Aerospace,2024-10-21,2024-10-22,2024-10-22,0,2343.67,-7.417,-7.517,-12.19,0.25,0,stop-loss,1
POLICYBZR,New-Age Platforms,2024-10-29,2024-10-30,2024-11-06,7,1692.85,-5.521,-5.621,-5.69,1.9,0,stop-loss,1
WIPRO,IT,2024-10-29,2024-10-30,2024-11-04,5,281.39,-3.879,-3.979,-5.08,2.84,0,stop-loss,1
GESHIP,Aviation / Logistics,2024-10-30,2024-10-31,2024-11-07,7,1291.6,-0.05,-0.15,-2.81,3.33,0,time-stop,1
PIIND,Chemicals / Fertilizers,2024-10-31,2024-11-01,2024-11-08,7,4490.74,1.546,1.446,-2.22,4.99,1,time-stop,1
GESHIP,Aviation / Logistics,2024-11-04,2024-11-05,2024-11-08,3,1287.14,-4.791,-4.891,-7.7,3.69,0,stop-loss,1
POLICYBZR,New-Age Platforms,2024-11-04,2024-11-05,2024-11-05,0,1701.35,-5.126,-5.226,-5.92,0.63,0,stop-loss,1
PAYTM,New-Age Platforms,2024-11-06,2024-11-07,2024-11-13,6,800.3,-5.926,-6.026,-6.29,6.85,0,thesis-break,1
LT,Infra / Capital Goods,2024-11-07,2024-11-08,2024-11-14,6,3642.22,-3.276,-3.376,-3.9,0.68,0,stop-loss,1
POLYCAB,Infra / Capital Goods,2024-11-07,2024-11-08,2024-11-11,3,6843.27,-2.02,-2.12,-3.17,0,0,thesis-break,1
LT,Infra / Capital Goods,2024-11-12,2024-11-13,2024-11-14,1,3586.79,-1.737,-1.837,-2.42,0.5,0,thesis-break,1
ETERNAL,New-Age Platforms,2024-11-19,2024-11-21,2024-11-28,7,273.84,4.436,4.336,-4.28,5.79,1,time-stop,1
HCLTECH,IT,2024-11-22,2024-11-25,2024-11-28,3,1919.96,-4.382,-4.482,-4.43,0,0,stop-loss,1
ETERNAL,New-Age Platforms,2024-11-25,2024-11-26,2024-12-03,7,273.94,2.106,2.006,-0.49,5.75,1,time-stop,1
POWERGRID,Power / Utilities,2024-11-25,2024-11-26,2024-11-29,3,342.17,-3.78,-3.88,-4.58,0.71,0,stop-loss,1
WIPRO,IT,2024-11-26,2024-11-27,2024-12-04,7,295.9,-0.692,-0.792,-3.59,0.71,0,time-stop,1
BEL,Defence / Aerospace,2024-11-27,2024-11-28,2024-12-05,7,308.15,2.01,1.91,-1.57,4.12,1,time-stop,1
MARICO,FMCG / Consumer,2024-11-27,2024-11-28,2024-12-05,7,650.22,-2.659,-2.759,-3.56,2.13,0,time-stop,1
POLYCAB,Infra / Capital Goods,2024-11-27,2024-11-28,2024-12-05,7,7103.55,3.299,3.199,-0.9,5.29,1,time-stop,1
TATACHEM,Chemicals / Fertilizers,2024-11-27,2024-11-28,2024-12-05,7,1107.7,2.567,2.467,-1.15,3.44,1,time-stop,1
JSWINFRA,Misc Large-Cap,2024-11-28,2024-11-29,2024-12-06,7,311.01,5.169,5.069,-0.82,7.34,1,time-stop,1
NMDC,Metals / Mining,2024-11-28,2024-11-29,2024-12-06,7,76.21,4.33,4.23,-0.62,4.75,1,time-stop,1
BHARTIARTL,Telecom,2024-11-29,2024-12-02,2024-12-09,7,1627.96,-1.61,-1.71,-2.8,1.53,0,time-stop,1
KEI,Infra / Capital Goods,2024-11-29,2024-12-02,2024-12-09,7,4315.36,3.944,3.844,-1.65,5.02,1,time-stop,1
INFY,IT,2024-12-02,2024-12-03,2024-12-10,7,1887.94,3.159,3.059,-0.89,4.11,1,time-stop,1
LODHA,Realty,2024-12-02,2024-12-03,2024-12-10,7,1297.65,7.957,7.857,-0.97,8.43,1,time-stop,1
MARICO,FMCG / Consumer,2024-12-02,2024-12-03,2024-12-09,6,646.82,-4.244,-4.344,-7.15,0,0,stop-loss,1
POWERGRID,Power / Utilities,2024-12-02,2024-12-03,2024-12-10,7,324.41,1.025,0.925,-1.5,2.57,1,time-stop,1
SHRIRAMFIN,NBFC / Financial Services,2024-12-02,2024-12-03,2024-12-10,7,626.51,1.671,1.571,-1.9,2.37,1,time-stop,1
TATACHEM,Chemicals / Fertilizers,2024-12-02,2024-12-03,2024-12-10,7,1134.57,-1.025,-1.125,-3.04,0.99,0,time-stop,1
BEL,Defence / Aerospace,2024-12-03,2024-12-04,2024-12-11,7,316.16,-0.701,-0.801,-1.76,1.48,0,time-stop,1
DLF,Realty,2024-12-03,2024-12-04,2024-12-11,7,853.43,2.564,2.464,-1.46,3.42,1,time-stop,1
JSWINFRA,Misc Large-Cap,2024-12-03,2024-12-04,2024-12-11,7,327.16,-0.908,-1.008,-1.38,3.33,0,time-stop,1
PFC,NBFC / Financial Services,2024-12-03,2024-12-04,2024-12-11,7,503.15,1.907,1.807,-0.35,4.12,1,time-stop,1
EICHERMOT,Auto,2024-12-05,2024-12-06,2024-12-10,4,4853.43,-0.882,-0.982,-1.15,1.55,0,thesis-break,1
EICHERMOT,Auto,2024-12-16,2024-12-17,2024-12-18,1,4810.5,-1.31,-1.41,-1.96,0.41,0,thesis-break,1
BHARTIARTL,Telecom,2024-12-17,2024-12-18,2024-12-19,1,1622.21,-1.4,-1.5,-2.27,0.05,0,thesis-break,1
DLF,Realty,2024-12-17,2024-12-18,2024-12-20,2,880.44,-4.662,-4.762,-6.35,0.1,0,stop-loss,1
GODREJPROP,Realty,2024-12-17,2024-12-18,2024-12-20,2,3016.31,-5.507,-5.607,-5.99,0,0,stop-loss,1
KEI,Infra / Capital Goods,2024-12-17,2024-12-18,2024-12-19,1,4395.15,-4.793,-4.893,-5.09,0.38,0,stop-loss,1
POWERGRID,Power / Utilities,2024-12-17,2024-12-18,2024-12-19,1,328.16,-2.846,-2.946,-3.45,0.29,0,stop-loss,1
LUPIN,Pharma / Healthcare,2024-12-19,2024-12-20,2024-12-27,7,2166.08,2.798,2.698,-1.82,3.32,1,time-stop,1
VEDL,Metals / Mining,2024-12-19,2024-12-20,2024-12-23,3,184.3,-4.486,-4.586,-4.87,0.41,0,stop-loss,1
LUPIN,Pharma / Healthcare,2024-12-24,2024-12-26,2025-01-02,7,2177.09,8.528,8.428,-0.92,10.37,1,target2,2
MARICO,FMCG / Consumer,2024-12-24,2024-12-26,2024-12-27,1,629.26,0.481,0.381,-0.59,0.93,1,thesis-break,1
MARICO,FMCG / Consumer,2025-01-01,2025-01-02,2025-01-09,7,635.62,4.869,4.769,-1.95,6.2,1,time-stop,1
MARICO,FMCG / Consumer,2025-01-02,2025-01-03,2025-01-08,5,657.33,-4.256,-4.356,-5.18,2.7,0,stop-loss,1
MARICO,FMCG / Consumer,2025-01-07,2025-01-08,2025-01-15,7,638.42,3.289,3.189,-2.38,6.45,1,time-stop,1
LUPIN,Pharma / Healthcare,2025-01-08,2025-01-09,2025-01-10,1,2280.14,-3.953,-4.053,-4.24,0.56,0,thesis-break,1
HCLTECH,IT,2025-01-10,2025-01-13,2025-01-14,1,1995.9,-3.492,-3.592,-9.93,0.82,0,stop-loss,1
MAZDOCK,Defence / Aerospace,2025-01-17,2025-01-20,2025-01-27,7,2321.16,-4.042,-4.142,-5.59,7.55,0,time-stop,1
MAZDOCK,Defence / Aerospace,2025-01-22,2025-01-23,2025-01-28,5,2276.99,-7.588,-7.688,-8.45,6.41,0,stop-loss,1
INDUSTOWER,Telecom,2025-01-28,2025-01-29,2025-01-30,1,352.68,-2.056,-2.156,-3.01,0.69,0,thesis-break,1
MAZDOCK,Defence / Aerospace,2025-01-28,2025-01-29,2025-02-04,6,2344.17,-6.357,-6.457,-7.43,10.37,0,thesis-break,1
WIPRO,IT,2025-01-28,2025-01-29,2025-02-05,7,305.2,3.847,3.747,-1.61,5.32,1,time-stop,1
MARICO,FMCG / Consumer,2025-02-01,2025-02-03,2025-02-03,0,688.74,-3.736,-3.836,-3.9,0.19,0,stop-loss,1
VEDL,Metals / Mining,2025-02-05,2025-02-06,2025-02-11,5,166.65,-5.4,-5.5,-5.62,2.6,0,stop-loss,1
MARUTI,Auto,2025-02-11,2025-02-12,2025-02-19,7,12706.35,-0.209,-0.309,-1.01,1.41,0,time-stop,1
BHARTIARTL,Telecom,2025-02-12,2025-02-13,2025-02-19,6,1710.86,-3.348,-3.448,-4.23,1.03,0,stop-loss,1
MUTHOOTFIN,NBFC / Financial Services,2025-02-13,2025-02-14,2025-02-17,3,2328.16,-5.144,-5.244,-5.39,0.12,0,stop-loss,1
CHOLAFIN,NBFC / Financial Services,2025-03-04,2025-03-05,2025-03-12,7,1458.73,-0.545,-0.645,-4.43,2.83,0,time-stop,1
BLUESTARCO,Consumer Durables / Retail,2025-03-10,2025-03-11,2025-03-18,7,2056.03,4.851,4.751,-3.31,6.03,1,time-stop,1
MAZDOCK,Defence / Aerospace,2025-03-10,2025-03-11,2025-03-18,7,2266.13,4.818,4.718,-1.95,5.4,1,time-stop,1
BLUESTARCO,Consumer Durables / Retail,2025-03-17,2025-03-18,2025-03-25,7,2045.02,7.451,7.351,-0.31,10.99,1,time-stop,1
CHOLAFIN,NBFC / Financial Services,2025-03-18,2025-03-19,2025-03-26,7,1520.76,0.048,-0.052,-2.93,3.9,0,time-stop,1
BHARTIARTL,Telecom,2025-03-19,2025-03-20,2025-03-27,7,1660.83,4.605,4.505,-0.89,6.27,1,time-stop,2
SUNPHARMA,Pharma / Healthcare,2025-03-20,2025-03-21,2025-03-28,7,1759.88,-1.48,-1.58,-3.11,3.42,0,time-stop,1
VEDL,Metals / Mining,2025-03-20,2025-03-21,2025-03-28,7,176.5,-1.794,-1.894,-2.45,0.93,0,time-stop,1
CHAMBLFERT,Chemicals / Fertilizers,2025-03-21,2025-03-24,2025-04-01,8,608.3,2.102,2.002,-2.27,4.06,1,time-stop,1
LUPIN,Pharma / Healthcare,2025-03-21,2025-03-24,2025-03-27,3,2130.06,-4.801,-4.901,-6.41,0.23,0,stop-loss,1
UPL,Chemicals / Fertilizers,2025-03-21,2025-03-24,2025-03-28,4,668.28,-5.53,-5.63,-6.63,0.08,0,stop-loss,1
MARICO,FMCG / Consumer,2025-04-01,2025-04-02,2025-04-11,9,650.83,7.831,7.731,-1.08,9.81,1,target2,2
PAYTM,New-Age Platforms,2025-04-04,2025-04-07,2025-04-07,0,765.38,-0.521,-0.621,-1.6,4.99,0,stop-loss,1
MARICO,FMCG / Consumer,2025-04-08,2025-04-09,2025-04-16,7,677.39,6.304,6.204,-0.28,6.96,1,time-stop,1
CHAMBLFERT,Chemicals / Fertilizers,2025-04-09,2025-04-11,2025-04-21,10,642.82,7.301,7.201,-1.08,7.73,1,time-stop,1
PAYTM,New-Age Platforms,2025-04-09,2025-04-11,2025-04-21,10,825.81,6.285,6.185,-0.55,7.76,1,time-stop,1
BHARTIARTL,Telecom,2025-04-15,2025-04-16,2025-04-23,7,1803.3,4.29,4.19,-0.51,5.6,1,time-stop,1
NYKAA,New-Age Platforms,2025-04-15,2025-04-16,2025-04-23,7,185.95,3.713,3.613,-0.43,5.93,1,time-stop,1
PAYTM,New-Age Platforms,2025-04-15,2025-04-16,2025-04-23,7,842.27,4.914,4.814,-0.56,7.14,1,time-stop,1
JSWSTEEL,Metals / Mining,2025-04-16,2025-04-17,2025-04-24,7,996.5,4.764,4.664,-0.94,6.41,1,time-stop,1
MAXHEALTH,Pharma / Healthcare,2025-04-17,2025-04-21,2025-04-25,4,1095.55,1.921,1.821,-3.33,4.96,1,stop-loss,2
BLUESTARCO,Consumer Durables / Retail,2025-04-22,2025-04-23,2025-04-24,1,2067.03,-7.997,-8.097,-11,1.81,0,stop-loss,1
MAXHEALTH,Pharma / Healthcare,2025-04-28,2025-04-29,2025-05-06,7,1110.55,4.041,3.941,-2.57,5.44,1,time-stop,1
JSWINFRA,Misc Large-Cap,2025-04-29,2025-04-30,2025-05-02,2,300.15,-3.447,-3.547,-3.68,1.53,0,thesis-break,1
BAJFINANCE,NBFC / Financial Services,2025-05-05,2025-05-06,2025-05-09,3,891.55,-3.127,-3.227,-3.48,1.78,0,thesis-break,1
CHOLAFIN,NBFC / Financial Services,2025-05-06,2025-05-07,2025-05-14,7,1505.75,5.981,5.881,-0.88,6.66,1,time-stop,1
SHREECEM,Cement,2025-05-06,2025-05-07,2025-05-08,1,29049.52,1.19,1.09,-0.05,2.41,1,thesis-break,1
SHRIRAMFIN,NBFC / Financial Services,2025-05-07,2025-05-08,2025-05-09,1,635.32,-5.915,-6.015,-6.09,0.86,0,stop-loss,1
BAJFINANCE,NBFC / Financial Services,2025-05-12,2025-05-13,2025-05-20,7,900.85,0.732,0.632,-0.19,3.35,1,time-stop,1
BERGEPAINT,Paints,2025-05-12,2025-05-13,2025-05-20,7,545.57,2.72,2.62,-1.75,6.31,1,stop-loss,2
EICHERMOT,Auto,2025-05-12,2025-05-13,2025-05-14,1,5509.25,-1.188,-1.288,-2.71,0.8,0,thesis-break,1
JSWINFRA,Misc Large-Cap,2025-05-12,2025-05-13,2025-05-19,6,294.35,-1.018,-1.118,-2.4,2.5,0,thesis-break,1
KOTAKBANK,Banks,2025-05-12,2025-05-13,2025-05-14,1,427.21,-2.092,-2.192,-2.44,0.47,0,thesis-break,1
SHRIRAMFIN,NBFC / Financial Services,2025-05-12,2025-05-13,2025-05-20,7,641.92,2.508,2.408,-1.55,6.54,1,time-stop,1
APOLLOHOSP,Pharma / Healthcare,2025-05-13,2025-05-14,2025-05-21,7,6933.46,0.679,0.579,-1.02,2.47,1,time-stop,1
LUPIN,Pharma / Healthcare,2025-05-13,2025-05-14,2025-05-20,6,2067.23,-4.844,-4.944,-5.02,2.5,0,stop-loss,1
ULTRACEMCO,Cement,2025-05-13,2025-05-14,2025-05-21,7,11681.84,-0.186,-0.286,-0.5,2.65,0,time-stop,1
CIPLA,Pharma / Healthcare,2025-05-15,2025-05-16,2025-05-19,3,1510.45,-1.297,-1.397,-1.42,0.08,0,thesis-break,1
SRF,Chemicals / Fertilizers,2025-05-16,2025-05-19,2025-05-21,2,2920.46,1.005,0.905,-0.19,3.82,1,thesis-break,1
EICHERMOT,Auto,2025-05-19,2025-05-20,2025-05-21,1,5552.77,-2.638,-2.738,-3.11,0.09,0,thesis-break,1
JSWINFRA,Misc Large-Cap,2025-05-19,2025-05-20,2025-05-21,1,294.55,-3.579,-3.679,-4.35,0.02,0,thesis-break,1
KOTAKBANK,Banks,2025-05-19,2025-05-20,2025-05-21,1,423.17,-2.154,-2.254,-2.64,0.1,0,thesis-break,1
BHARTIARTL,Telecom,2025-05-21,2025-05-22,2025-05-29,7,1820.81,2.299,2.199,-0.25,2.54,1,time-stop,1
PAYTM,New-Age Platforms,2025-05-23,2025-05-26,2025-06-03,8,851.83,8.473,8.373,-0.31,12.05,1,time-stop,2
SBIN,Banks,2025-05-23,2025-05-26,2025-06-02,7,792.4,2.63,2.53,-0.4,3.8,1,time-stop,1
ULTRACEMCO,Cement,2025-05-23,2025-05-26,2025-05-27,1,11805.9,-3.669,-3.769,-3.65,0.66,0,stop-loss,1
EICHERMOT,Auto,2025-05-26,2025-05-27,2025-05-28,1,5422.71,-1.823,-1.923,-2,0.41,0,thesis-break,1
KOTAKBANK,Banks,2025-05-26,2025-05-27,2025-05-28,1,418.21,-0.851,-0.951,-1.43,0.38,0,thesis-break,1
MARICO,FMCG / Consumer,2025-05-26,2025-05-27,2025-06-03,7,712.81,-1.341,-1.441,-1.87,2.12,0,time-stop,1
SHRIRAMFIN,NBFC / Financial Services,2025-05-26,2025-05-27,2025-05-30,3,668.13,-4.355,-4.455,-4.62,0.28,0,thesis-break,1
INDUSTOWER,Telecom,2025-05-27,2025-05-28,2025-06-02,5,385.89,-0.928,-1.028,-1.53,3.38,0,thesis-break,1
SBIN,Banks,2025-05-28,2025-05-29,2025-06-05,7,799.4,0.775,0.675,-1.01,2.9,1,time-stop,1
JSWINFRA,Misc Large-Cap,2025-05-30,2025-06-02,2025-06-03,1,292.15,-1.897,-1.997,-2.04,0.19,0,thesis-break,1
BAJAJFINSV,NBFC / Financial Services,2025-06-02,2025-06-03,2025-06-03,0,2040.12,-2.7,-2.8,-2.95,0.23,0,stop-loss,1
INDIGO,Aviation / Logistics,2025-06-02,2025-06-03,2025-06-09,6,5361.68,4.923,4.823,-0.32,6.48,1,target2,2
M&M,Auto,2025-06-02,2025-06-03,2025-06-10,7,3043.52,0.738,0.638,-1.6,3.2,1,time-stop,1
TATACONSUM,FMCG / Consumer,2025-06-02,2025-06-03,2025-06-04,1,1116.66,0.643,0.543,-0.6,0.83,1,thesis-break,1
SHRIRAMFIN,NBFC / Financial Services,2025-06-03,2025-06-04,2025-06-11,7,650.27,6.406,6.306,-1.87,10.09,1,time-stop,2
INDUSTOWER,Telecom,2025-06-04,2025-06-05,2025-06-12,7,385.19,2.015,1.915,-1.19,4.21,1,stop-loss,2
JSWINFRA,Misc Large-Cap,2025-06-04,2025-06-05,2025-06-12,7,295.85,4.69,4.59,-0.29,7.76,1,time-stop,2
MAXHEALTH,Pharma / Healthcare,2025-06-04,2025-06-05,2025-06-13,8,1153.78,6.063,5.963,-2.32,7.43,1,time-stop,2
NHPC,Power / Utilities,2025-06-04,2025-06-05,2025-06-12,7,87.66,-0.096,-0.196,-0.58,5.34,0,time-stop,1
APOLLOHOSP,Pharma / Healthcare,2025-06-05,2025-06-06,2025-06-11,5,6870.43,0.78,0.68,-0.91,1.78,1,thesis-break,1
MARICO,FMCG / Consumer,2025-06-05,2025-06-06,2025-06-09,3,705.35,-0.192,-0.292,-1.45,0.08,0,thesis-break,1
NYKAA,New-Age Platforms,2025-06-05,2025-06-06,2025-06-13,7,198.9,-3.568,-3.668,-3.89,2.54,0,stop-loss,1
PERSISTENT,IT,2025-06-05,2025-06-06,2025-06-13,7,5624.81,5.606,5.506,-1.22,7.56,1,time-stop,2
VEDL,Metals / Mining,2025-06-05,2025-06-06,2025-06-13,7,165.04,4.967,4.867,-0.55,7.28,1,time-stop,2
EICHERMOT,Auto,2025-06-06,2025-06-09,2025-06-11,2,5424.71,-1.39,-1.49,-1.52,0.36,0,thesis-break,1
HINDALCO,Metals / Mining,2025-06-06,2025-06-09,2025-06-16,7,653.73,-0.681,-0.781,-2.87,1.49,0,time-stop,1
MARUTI,Auto,2025-06-06,2025-06-09,2025-06-16,7,12511.25,0.1,0,-2.68,1.86,0,time-stop,1
MRF,Auto Ancillary,2025-06-06,2025-06-09,2025-06-10,1,139609.77,-1.31,-1.41,-2.19,1.24,0,thesis-break,1
TVSMOTOR,Auto,2025-06-06,2025-06-09,2025-06-10,1,2766.38,-0.822,-0.922,-1.75,0.09,0,thesis-break,1
NESTLEIND,FMCG / Consumer,2025-06-09,2025-06-10,2025-06-13,3,1208.25,-2.762,-2.862,-2.88,1.39,0,stop-loss,1
TATACONSUM,FMCG / Consumer,2025-06-09,2025-06-10,2025-06-11,1,1121.76,-1.606,-1.706,-1.76,0.61,0,thesis-break,1
TITAN,Consumer Durables / Retail,2025-06-09,2025-06-10,2025-06-12,2,3546.77,-2.389,-2.489,-2.86,0.37,0,stop-loss,1
APOLLOHOSP,Pharma / Healthcare,2025-06-10,2025-06-11,2025-06-18,7,6921.46,0.124,0.024,-0.84,3.13,1,time-stop,1
BAJAJFINSV,NBFC / Financial Services,2025-06-10,2025-06-11,2025-06-18,7,2005,-1.226,-1.326,-1.46,2.73,0,time-stop,1
GODREJCP,FMCG / Consumer,2025-06-11,2025-06-12,2025-06-12,0,1225.61,-1.92,-2.02,-2.08,0.02,0,stop-loss,1
MARICO,FMCG / Consumer,2025-06-11,2025-06-12,2025-06-12,0,704.15,-1.631,-1.731,-1.92,0.12,0,stop-loss,1
MARUTI,Auto,2025-06-11,2025-06-12,2025-06-19,7,12465.23,2.682,2.582,-2.32,3.33,1,time-stop,1
TVSMOTOR,Auto,2025-06-12,2025-06-13,2025-06-13,0,2706.35,-0.429,-0.529,-1.89,1.53,0,stop-loss,1
MRF,Auto Ancillary,2025-06-13,2025-06-16,2025-06-17,1,136868.4,-0.429,-0.529,-0.71,0.42,0,thesis-break,1
DMART,Consumer Durables / Retail,2025-06-16,2025-06-17,2025-06-24,7,4089.04,3.899,3.799,-1.17,6.59,1,time-stop,1
HINDALCO,Metals / Mining,2025-06-16,2025-06-17,2025-06-18,1,649.47,-0.684,-0.784,-1.83,0.14,0,thesis-break,1
HINDPETRO,Oil & Gas / Energy,2025-06-16,2025-06-17,2025-06-18,1,394.15,-0.101,-0.201,-1.48,1.74,0,thesis-break,1
ICICIBANK,Banks,2025-06-16,2025-06-17,2025-06-18,1,1427.61,-1.101,-1.201,-1.22,0.31,0,thesis-break,1
INDUSTOWER,Telecom,2025-06-16,2025-06-17,2025-06-24,7,390.19,6.318,6.218,-0.59,6.85,1,time-stop,1
TATASTEEL,Metals / Mining,2025-06-16,2025-06-17,2025-06-18,1,153.89,-1.206,-1.306,-2.01,0.65,0,thesis-break,1
MAZDOCK,Defence / Aerospace,2025-06-17,2025-06-18,2025-06-19,1,3319.56,-2.942,-3.042,-3.46,0.53,0,thesis-break,1
EICHERMOT,Auto,2025-06-18,2025-06-19,2025-06-26,7,5412.7,3.621,3.521,-0.14,4.43,1,time-stop,1
HDFCBANK,Banks,2025-06-18,2025-06-19,2025-06-27,8,967.43,3.662,3.562,-0.48,4.77,1,time-stop,2
MRF,Auto Ancillary,2025-06-18,2025-06-19,2025-06-20,1,137818.88,-2.388,-2.488,-3.69,0.77,0,stop-loss,1
NYKAA,New-Age Platforms,2025-06-18,2025-06-19,2025-06-27,8,196.1,6.349,6.249,-1.51,7.57,1,time-stop,2
PAYTM,New-Age Platforms,2025-06-18,2025-06-19,2025-06-20,1,892.45,-2.43,-2.53,-3.73,0.45,0,thesis-break,1
TITAN,Consumer Durables / Retail,2025-06-18,2025-06-19,2025-06-26,7,3480.54,5.569,5.469,-0.37,6.32,1,time-stop,2
ASHOKLEY,Auto,2025-06-20,2025-06-23,2025-06-27,4,116.57,6.454,6.354,-0.42,8.05,1,target2,2
BHEL,Infra / Capital Goods,2025-06-20,2025-06-23,2025-06-30,7,248.57,6.981,6.881,-0.17,9.47,1,time-stop,2
CANBK,Banks,2025-06-20,2025-06-23,2025-07-01,8,106.05,7.678,7.578,-0.07,9.38,1,time-stop,2
DIVISLAB,Pharma / Healthcare,2025-06-20,2025-06-23,2025-06-30,7,6573.28,3.542,3.442,-0.81,3.89,1,time-stop,1
INDIGO,Aviation / Logistics,2025-06-20,2025-06-23,2025-06-30,7,5321.66,10.768,10.668,-0.13,12.69,1,time-stop,2
SAIL,Metals / Mining,2025-06-20,2025-06-23,2025-06-30,7,126.25,5.876,5.776,-0.3,7.99,1,time-stop,2
SBIN,Banks,2025-06-20,2025-06-23,2025-06-24,1,790.39,0.584,0.484,-0.24,2.06,1,thesis-break,1
SHRIRAMFIN,NBFC / Financial Services,2025-06-20,2025-06-23,2025-06-30,7,662.13,6.701,6.601,-2.09,7.83,1,time-stop,1
TATACONSUM,FMCG / Consumer,2025-06-20,2025-06-23,2025-06-30,7,1090.54,0.716,0.616,-0.05,5.45,1,time-stop,1
UNIONBANK,Banks,2025-06-20,2025-06-23,2025-07-01,8,141.57,9.171,9.071,-0.05,9.77,1,time-stop,2
ADANIPORTS,Aviation / Logistics,2025-06-23,2025-06-24,2025-06-25,1,1395.8,0.429,0.329,-0.77,1.64,1,stop-loss,2
BAJAJFINSV,NBFC / Financial Services,2025-06-23,2025-06-24,2025-07-01,7,2020.01,1.622,1.522,-1.03,2.4,1,time-stop,1
BAJFINANCE,NBFC / Financial Services,2025-06-23,2025-06-24,2025-07-01,7,920.46,1.708,1.608,-0.65,4.24,1,time-stop,1
BERGEPAINT,Paints,2025-06-23,2025-06-24,2025-07-01,7,560.73,5.889,5.789,-2.09,6.65,1,time-stop,1
BPCL,Oil & Gas / Energy,2025-06-23,2025-06-24,2025-07-01,7,325.66,1.911,1.811,-2.78,3.7,1,time-stop,1
DALBHARAT,Cement,2025-06-23,2025-06-24,2025-07-01,7,2080.04,4.901,4.801,-0.69,6.97,1,time-stop,2
HINDPETRO,Oil & Gas / Energy,2025-06-23,2025-06-24,2025-07-01,7,412.71,4.995,4.895,-2.13,7.39,1,time-stop,2
ICICIBANK,Banks,2025-06-23,2025-06-24,2025-06-25,1,1428.41,-0.233,-0.333,-0.92,0.52,0,thesis-break,1
MAZDOCK,Defence / Aerospace,2025-06-23,2025-06-24,2025-06-25,1,3360.68,-5.046,-5.146,-5.64,0.25,0,thesis-break,1
MRF,Auto Ancillary,2025-06-23,2025-06-24,2025-06-27,3,136568.25,5.088,4.988,-0.54,6.69,1,target2,2
PAYTM,New-Age Platforms,2025-06-23,2025-06-24,2025-07-01,7,895.25,3.858,3.758,-0.98,4.65,1,time-stop,1
PNB,Banks,2025-06-23,2025-06-24,2025-07-02,8,105.13,7.023,6.923,-0.22,8.6,1,time-stop,2
TATAPOWER,Power / Utilities,2025-06-23,2025-06-24,2025-07-01,7,395.2,2.821,2.721,-0.09,4.12,1,time-stop,1
TATASTEEL,Metals / Mining,2025-06-23,2025-06-24,2025-06-27,3,153.88,4.01,3.91,-0.16,6.12,1,target2,2
TITAN,Consumer Durables / Retail,2025-06-23,2025-06-24,2025-07-01,7,3524.86,4.924,4.824,-0.53,5.72,1,time-stop,2
CIPLA,Pharma / Healthcare,2025-06-24,2025-06-25,2025-07-02,7,1510.65,-0.913,-1.013,-1.23,0.95,0,time-stop,1
JINDALSTEL,Metals / Mining,2025-06-24,2025-06-25,2025-07-02,7,930.92,4.006,3.906,-1.75,5.26,1,time-stop,1
MARICO,FMCG / Consumer,2025-06-24,2025-06-25,2025-07-02,7,709.25,0.394,0.294,-0.8,3.73,1,time-stop,1
NESTLEIND,FMCG / Consumer,2025-06-24,2025-06-25,2025-07-02,7,1186.59,0.574,0.474,-0.05,4.32,1,time-stop,1
NHPC,Power / Utilities,2025-06-24,2025-06-25,2025-06-26,1,85.92,-0.678,-0.778,-2.34,0.27,0,thesis-break,1
PIDILITIND,Chemicals / Fertilizers,2025-06-24,2025-06-25,2025-07-02,7,1504.25,2.212,2.112,-1.3,2.5,1,time-stop,1
BANKBARODA,Banks,2025-06-25,2025-06-26,2025-07-03,7,239.67,1.055,0.955,-1.9,4.18,1,time-stop,1
CANBK,Banks,2025-06-25,2025-06-26,2025-07-03,7,111.01,2.786,2.686,-2.08,4.5,1,time-stop,1
DIVISLAB,Pharma / Healthcare,2025-06-25,2025-06-26,2025-07-04,8,6592.29,4.568,4.468,-0.81,5.35,1,time-stop,2
SAIL,Metals / Mining,2025-06-25,2025-06-26,2025-07-03,7,128.96,6.305,6.205,-0.34,8.55,1,time-stop,2
SBICARD,NBFC / Financial Services,2025-06-25,2025-06-26,2025-07-01,5,969.13,-3.776,-3.876,-4.96,4.73,0,stop-loss,1
SBIN,Banks,2025-06-25,2025-06-26,2025-07-03,7,802.4,0.535,0.435,-1.37,2.8,1,time-stop,1
UNIONBANK,Banks,2025-06-25,2025-06-26,2025-07-03,7,145.87,3.869,3.769,-1.1,6.88,1,time-stop,1
SIEMENS,Infra / Capital Goods,2025-06-26,2025-06-27,2025-07-04,7,3185.59,4.192,4.092,-0.65,6.07,1,time-stop,2
BDL,Defence / Aerospace,2025-06-27,2025-06-30,2025-07-07,7,1899.95,2.23,2.13,-0.86,5.98,1,time-stop,1
HAL,Defence / Aerospace,2025-06-27,2025-06-30,2025-07-01,1,4912.45,-0.055,-0.155,-1.37,0.87,0,thesis-break,1
MAZDOCK,Defence / Aerospace,2025-06-30,2025-07-01,2025-07-08,7,3271.63,0.554,0.454,-0.97,2.98,1,time-stop,1
NHPC,Power / Utilities,2025-06-30,2025-07-01,2025-07-02,1,86.14,-1.709,-1.809,-2.47,0.19,0,thesis-break,1
POLICYBZR,New-Age Platforms,2025-07-01,2025-07-02,2025-07-03,1,1820.91,-0.704,-0.804,-1.64,2.42,0,thesis-break,1
HAL,Defence / Aerospace,2025-07-02,2025-07-03,2025-07-10,7,4883.44,0.608,0.508,-0.05,3.72,1,time-stop,1
LODHA,Realty,2025-07-02,2025-07-03,2025-07-04,1,1399.7,-2.92,-3.02,-3.24,0.47,0,stop-loss,1
CIPLA,Pharma / Healthcare,2025-07-03,2025-07-04,2025-07-08,4,1509.15,-1.431,-1.531,-2.12,0.79,0,thesis-break,1
COCHINSHIP,Defence / Aerospace,2025-07-03,2025-07-04,2025-07-04,0,2032.02,1.152,1.052,-0.05,2.06,1,target2,2
DRREDDY,Pharma / Healthcare,2025-07-03,2025-07-04,2025-07-09,5,1303.65,-2.676,-2.776,-2.82,0.75,0,thesis-break,1
BAJFINANCE,NBFC / Financial Services,2025-07-04,2025-07-07,2025-07-14,7,925.46,-0.764,-0.864,-1.53,2.84,0,time-stop,1
CGPOWER,Infra / Capital Goods,2025-07-04,2025-07-07,2025-07-09,2,676.94,-0.772,-0.872,-1.76,0.75,0,thesis-break,1
DLF,Realty,2025-07-04,2025-07-07,2025-07-10,3,836.02,-0.584,-0.684,-1.58,1.01,0,thesis-break,1
PRESTIGE,Realty,2025-07-04,2025-07-07,2025-07-14,7,1619.81,5.045,4.945,-1.14,7.11,1,target2,2
MAZDOCK,Defence / Aerospace,2025-07-07,2025-07-08,2025-07-11,3,3265.63,-2.839,-2.939,-3.54,1.85,0,thesis-break,1
NESTLEIND,FMCG / Consumer,2025-07-07,2025-07-08,2025-07-11,3,1211.66,-0.867,-0.967,-1.08,0.56,0,thesis-break,1
POLICYBZR,New-Age Platforms,2025-07-07,2025-07-08,2025-07-11,3,1825.91,-1.808,-1.908,-2.73,2.69,0,thesis-break,1
TATACONSUM,FMCG / Consumer,2025-07-07,2025-07-08,2025-07-09,1,1108.55,-1.01,-1.11,-1.53,0,0,thesis-break,1
BAJAJFINSV,NBFC / Financial Services,2025-07-08,2025-07-09,2025-07-16,7,2014.01,1.041,0.941,-1.24,1.74,1,time-stop,1
BAJFINANCE,NBFC / Financial Services,2025-07-08,2025-07-09,2025-07-15,6,926.96,0.105,0.005,-1.69,2.67,1,thesis-break,1
CGPOWER,Infra / Capital Goods,2025-07-08,2025-07-09,2025-07-14,5,676.14,-0.248,-0.348,-1.47,0.79,0,thesis-break,1
COCHINSHIP,Defence / Aerospace,2025-07-08,2025-07-09,2025-07-10,1,2023.01,-0.312,-0.412,-0.79,2.03,0,thesis-break,1
LT,Infra / Capital Goods,2025-07-08,2025-07-09,2025-07-10,1,3606.8,-0.94,-1.04,-1.07,0,0,thesis-break,1
MAZDOCK,Defence / Aerospace,2025-07-08,2025-07-09,2025-07-11,2,3295.65,-3.724,-3.824,-4.42,0.92,0,thesis-break,1
NESTLEIND,FMCG / Consumer,2025-07-08,2025-07-09,2025-07-11,2,1210.61,-0.781,-0.881,-1,0.65,0,thesis-break,1
LODHA,Realty,2025-07-09,2025-07-10,2025-07-17,7,1386.69,3.821,3.721,-0.27,4.93,1,time-stop,1
PRESTIGE,Realty,2025-07-09,2025-07-10,2025-07-18,8,1664.13,7.441,7.341,-0.79,8.78,1,time-stop,2
SBICARD,NBFC / Financial Services,2025-07-09,2025-07-10,2025-07-11,1,934.97,-2.351,-2.451,-2.67,0.43,0,thesis-break,1
BANDHANBNK,Banks,2025-07-10,2025-07-11,2025-07-14,3,178.33,-1.838,-1.938,-2.21,0.77,0,thesis-break,1
DLF,Realty,2025-07-10,2025-07-11,2025-07-11,0,828.41,-1.025,-1.125,-2.07,0.46,0,stop-loss,1
OBEROIRLTY,Realty,2025-07-10,2025-07-11,2025-07-14,3,1845.92,-2.289,-2.389,-2.67,0.44,0,stop-loss,1
POLICYBZR,New-Age Platforms,2025-07-10,2025-07-11,2025-07-14,3,1825.01,0.289,0.189,-2.85,0.65,1,thesis-break,1
MARUTI,Auto,2025-07-11,2025-07-14,2025-07-15,1,12596.3,-0.528,-0.628,-1.31,0.16,0,thesis-break,1
BANKBARODA,Banks,2025-07-14,2025-07-15,2025-07-22,7,241.22,-0.771,-0.871,-0.99,3.88,0,time-stop,1
CGPOWER,Infra / Capital Goods,2025-07-14,2025-07-15,2025-07-22,7,674.34,1.352,1.252,-1.55,3.14,1,time-stop,1
LICHSGFIN,NBFC / Financial Services,2025-07-14,2025-07-15,2025-07-22,7,610.25,2.772,2.672,-0.29,5.94,1,time-stop,2
LODHA,Realty,2025-07-14,2025-07-15,2025-07-22,7,1427.41,0.993,0.893,-0.78,2.39,1,time-stop,1
OIL,Oil & Gas / Energy,2025-07-14,2025-07-15,2025-07-22,7,443.22,1.783,1.683,-0.65,2.66,1,time-stop,1
TATAPOWER,Power / Utilities,2025-07-14,2025-07-15,2025-07-22,7,402.8,-0.956,-1.056,-1.94,3.46,0,time-stop,1
UNIONBANK,Banks,2025-07-14,2025-07-15,2025-07-18,3,147.08,-0.471,-0.571,-1.52,1.71,0,thesis-break,1
BAJAJFINSV,NBFC / Financial Services,2025-07-15,2025-07-16,2025-07-23,7,2041.12,0.899,0.799,-1.66,1.08,1,time-stop,1
BANDHANBNK,Banks,2025-07-15,2025-07-16,2025-07-23,7,179.59,0.974,0.874,-0.61,4.77,1,time-stop,1
DLF,Realty,2025-07-15,2025-07-16,2025-07-23,7,835.17,0.761,0.661,-0.82,2.55,1,time-stop,1
ICICIBANK,Banks,2025-07-15,2025-07-16,2025-07-17,1,1426.71,-1.195,-1.295,-1.21,0.17,0,stop-loss,1
INDUSTOWER,Telecom,2025-07-15,2025-07-16,2025-07-17,1,408.2,-0.527,-0.627,-1.31,0.18,0,thesis-break,1
LICI,Insurance,2025-07-15,2025-07-16,2025-07-17,1,463.98,-0.018,-0.118,-0.3,0.84,0,thesis-break,1
NESTLEIND,FMCG / Consumer,2025-07-15,2025-07-16,2025-07-23,7,1208.6,1.41,1.31,-0.41,3.01,1,time-stop,1
OBEROIRLTY,Realty,2025-07-15,2025-07-16,2025-07-17,1,1823.41,0.788,0.688,-1.27,1.34,1,thesis-break,1
MARUTI,Auto,2025-07-16,2025-07-17,2025-07-18,1,12575.28,-1.292,-1.392,-1.63,0.41,0,thesis-break,1
MOTHERSON,Auto,2025-07-16,2025-07-17,2025-07-21,4,102.74,-1.928,-2.028,-2.76,0.87,0,thesis-break,1
TECHM,IT,2025-07-16,2025-07-17,2025-07-18,1,1584.19,-1.744,-1.844,-2.92,1.24,0,stop-loss,1
VEDL,Metals / Mining,2025-07-16,2025-07-17,2025-07-18,1,167.53,-0.468,-0.568,-0.94,0.48,0,thesis-break,1
HINDALCO,Metals / Mining,2025-07-17,2025-07-18,2025-07-25,7,676.84,2.403,2.303,-0.86,4.07,1,time-stop,1
TATACOMM,Misc Large-Cap,2025-07-17,2025-07-18,2025-07-25,7,1701.15,1.575,1.475,-0.05,6.58,1,time-stop,1
TATASTEEL,Metals / Mining,2025-07-17,2025-07-18,2025-07-25,7,160.18,0.73,0.63,-0.05,3.38,1,time-stop,1
ZYDUSLIFE,Pharma / Healthcare,2025-07-18,2025-07-21,2025-07-22,1,974.49,-1.678,-1.778,-2.35,0.6,0,stop-loss,1
BEL,Defence / Aerospace,2025-07-21,2025-07-22,2025-07-23,1,403.2,-0.794,-0.894,-1.64,0.42,0,thesis-break,1
BHARTIARTL,Telecom,2025-07-21,2025-07-22,2025-07-22,0,1910.15,-1.307,-1.407,-1.42,0.06,0,stop-loss,1
BHEL,Infra / Capital Goods,2025-07-21,2025-07-22,2025-07-23,1,254.78,-1.454,-1.554,-2.76,0.32,0,thesis-break,1
CHOLAFIN,NBFC / Financial Services,2025-07-21,2025-07-22,2025-07-24,2,1585.79,-2.218,-2.318,-2.63,0.13,0,thesis-break,1
COFORGE,IT,2025-07-21,2025-07-22,2025-07-23,1,1878.94,-1.605,-1.705,-2.13,0.24,0,thesis-break,1
ICICIGI,Insurance,2025-07-21,2025-07-22,2025-07-23,1,1960.98,-1.282,-1.382,-1.48,0.71,0,thesis-break,1
IDFCFIRSTB,Banks,2025-07-21,2025-07-22,2025-07-23,1,74.04,-2.547,-2.647,-2.98,0.08,0,stop-loss,1
INDUSTOWER,Telecom,2025-07-21,2025-07-22,2025-07-25,3,404.35,-2.752,-2.852,-3.25,0.79,0,stop-loss,1
LICI,Insurance,2025-07-21,2025-07-22,2025-07-23,1,464.78,-0.863,-0.963,-1.6,0.34,0,thesis-break,1
OBEROIRLTY,Realty,2025-07-21,2025-07-22,2025-07-22,0,1781.89,0.473,0.373,-0.05,2.95,1,stop-loss,1
PERSISTENT,IT,2025-07-21,2025-07-22,2025-07-23,1,5827.91,-3.864,-3.964,-4.47,0.36,0,thesis-break,1
POLICYBZR,New-Age Platforms,2025-07-21,2025-07-22,2025-07-23,1,1815.91,0.214,0.114,-1.5,1.17,1,thesis-break,1
SBILIFE,Insurance,2025-07-21,2025-07-22,2025-07-23,1,1792,0.926,0.826,-0.05,1.48,1,thesis-break,1
BERGEPAINT,Paints,2025-07-22,2025-07-23,2025-07-28,5,568.93,-1.601,-1.701,-2.48,1.97,0,thesis-break,1
HDFCLIFE,Insurance,2025-07-22,2025-07-23,2025-07-24,1,765.38,-1.105,-1.205,-1.23,0.38,0,thesis-break,1
MARUTI,Auto,2025-07-22,2025-07-23,2025-07-28,5,12546.27,-1.693,-1.793,-1.95,1.38,0,thesis-break,1
VEDL,Metals / Mining,2025-07-22,2025-07-23,2025-07-28,5,168.8,-2.957,-3.057,-3.62,1.39,0,thesis-break,1
BRITANNIA,FMCG / Consumer,2025-07-23,2025-07-24,2025-07-25,1,5727.36,-1.974,-2.074,-2.75,0.42,0,stop-loss,1
HINDPETRO,Oil & Gas / Energy,2025-07-23,2025-07-24,2025-07-25,1,435.52,-2.07,-2.17,-3.52,0.34,0,stop-loss,1
JIOFIN,NBFC / Financial Services,2025-07-23,2025-07-24,2025-07-28,4,315.16,-2.029,-2.129,-2.75,1.35,0,stop-loss,1
JSWSTEEL,Metals / Mining,2025-07-23,2025-07-24,2025-07-28,4,1039.52,-1.081,-1.181,-2.13,0.89,0,thesis-break,1
ZYDUSLIFE,Pharma / Healthcare,2025-07-23,2025-07-24,2025-07-31,7,963.43,1.248,1.148,-0.34,3.82,1,stop-loss,2
GRASIM,Cement,2025-07-24,2025-07-25,2025-07-28,3,2736.37,-0.385,-0.485,-1.54,0.66,0,thesis-break,1
UNIONBANK,Banks,2025-07-24,2025-07-25,2025-07-25,0,139.87,0.457,0.357,-2.8,1.42,1,stop-loss,1
PIIND,Chemicals / Fertilizers,2025-07-30,2025-07-31,2025-07-31,0,4242.12,-1.53,-1.63,-1.58,1.72,0,stop-loss,1
HEROMOTOCO,Auto,2025-08-04,2025-08-05,2025-08-12,7,4538.27,2.305,2.205,-2.56,3.83,1,time-stop,1
LICI,Insurance,2025-08-12,2025-08-13,2025-08-13,0,458.23,-3.088,-3.188,-3.85,0.49,0,stop-loss,1
POLICYBZR,New-Age Platforms,2025-08-12,2025-08-13,2025-08-20,7,1836.02,4.62,4.52,-0.59,5.39,1,time-stop,1
APOLLOHOSP,Pharma / Healthcare,2025-08-13,2025-08-14,2025-08-21,7,7833.91,1.131,1.031,-1.08,1.44,1,time-stop,1
HEROMOTOCO,Auto,2025-08-13,2025-08-14,2025-08-21,7,4772.38,6.837,6.737,-1.72,8.23,1,time-stop,2
ULTRACEMCO,Cement,2025-08-18,2025-08-19,2025-08-26,7,12793.39,-1.483,-1.583,-2.45,1.07,0,time-stop,1
ICICIGI,Insurance,2025-08-19,2025-08-20,2025-08-25,5,1953.88,-1.834,-1.934,-2.6,2.26,0,thesis-break,1
MPHASIS,IT,2025-08-19,2025-08-20,2025-08-28,8,2735.47,5.796,5.696,-0.99,8.49,1,time-stop,2
TITAN,Consumer Durables / Retail,2025-08-19,2025-08-20,2025-08-28,8,3561.78,2.08,1.98,-0.27,3.12,1,time-stop,1
BHARTIARTL,Telecom,2025-08-20,2025-08-21,2025-08-28,7,1930.96,-2.631,-2.731,-2.73,0.87,0,time-stop,1
BHARTIARTL,Telecom,2025-08-25,2025-08-26,2025-08-28,2,1923.06,-2.13,-2.23,-2.33,0.14,0,stop-loss,1
TATASTEEL,Metals / Mining,2025-08-25,2025-08-26,2025-08-26,0,159.24,-2.818,-2.918,-2.89,0,0,stop-loss,1
VEDL,Metals / Mining,2025-08-25,2025-08-26,2025-08-26,0,162.87,0.091,-0.009,-2.12,0.04,0,stop-loss,1
POLYCAB,Infra / Capital Goods,2025-09-03,2025-09-04,2025-09-10,6,7253.63,-0.665,-0.765,-1.09,1.8,0,thesis-break,1
DABUR,FMCG / Consumer,2025-09-04,2025-09-05,2025-09-12,7,554.08,-2.797,-2.897,-3.68,0.32,0,time-stop,1
M&M,Auto,2025-09-04,2025-09-05,2025-09-12,7,3512.76,2.145,2.045,-0.89,6.01,1,time-stop,1
MUTHOOTFIN,NBFC / Financial Services,2025-09-04,2025-09-05,2025-09-12,7,2836.42,3.114,3.014,-0.23,4.17,1,time-stop,1
ASHOKLEY,Auto,2025-09-08,2025-09-09,2025-09-16,7,137.61,-2.28,-2.38,-3.89,0.07,0,time-stop,1
DABUR,FMCG / Consumer,2025-09-09,2025-09-10,2025-09-16,6,547.17,-2.145,-2.245,-2.46,0.33,0,thesis-break,1
HDFCLIFE,Insurance,2025-09-10,2025-09-11,2025-09-18,7,778.34,0.754,0.654,-2,1.45,1,time-stop,1
POLICYBZR,New-Age Platforms,2025-09-10,2025-09-11,2025-09-12,1,1834.12,-1.702,-1.802,-2.32,0.18,0,thesis-break,1
GRASIM,Cement,2025-09-11,2025-09-12,2025-09-22,10,2800.4,2.475,2.375,-0.55,3.95,1,time-stop,2
SIEMENS,Infra / Capital Goods,2025-09-11,2025-09-12,2025-09-19,7,3203.6,3.766,3.666,-0.69,5.13,1,time-stop,1
UPL,Chemicals / Fertilizers,2025-09-11,2025-09-12,2025-09-15,3,704.65,-1.617,-1.717,-2.38,0.18,0,thesis-break,1
DELHIVERY,New-Age Platforms,2025-09-12,2025-09-15,2025-09-22,7,465.23,2.673,2.573,-0.69,5.13,1,time-stop,2
HDFCLIFE,Insurance,2025-09-15,2025-09-16,2025-09-17,1,777.24,-1.232,-1.332,-1.86,0.56,0,thesis-break,1
JIOFIN,NBFC / Financial Services,2025-09-15,2025-09-16,2025-09-23,7,315.96,-1.129,-1.229,-1.65,1.79,0,time-stop,1
SBILIFE,Insurance,2025-09-15,2025-09-16,2025-09-17,1,1831.32,-1.541,-1.641,-1.67,0.09,0,thesis-break,1
ULTRACEMCO,Cement,2025-09-15,2025-09-16,2025-09-19,3,12503.25,0.86,0.76,-0.46,2.37,1,stop-loss,2
CIPLA,Pharma / Healthcare,2025-09-16,2025-09-17,2025-09-23,6,1556.78,-1.866,-1.966,-2.52,1.81,0,stop-loss,1
POLICYBZR,New-Age Platforms,2025-09-16,2025-09-17,2025-09-18,1,1823.81,-1.925,-2.025,-3.17,0.44,0,thesis-break,1
UPL,Chemicals / Fertilizers,2025-09-16,2025-09-17,2025-09-19,2,706.35,-2.208,-2.308,-2.5,1,0,thesis-break,1
TORNTPHARM,Pharma / Healthcare,2025-09-17,2025-09-18,2025-09-23,5,3569.58,2.619,2.519,-0.9,3.35,1,target2,2
BOSCHLTD,Auto Ancillary,2025-09-18,2025-09-19,2025-09-22,3,40004.99,-1.137,-1.237,-1.51,0.31,0,thesis-break,1
HINDUNILVR,FMCG / Consumer,2025-09-18,2025-09-19,2025-09-19,0,2601.3,-1.683,-1.783,-1.79,0.13,0,stop-loss,1
ASIANPAINT,Paints,2025-09-19,2025-09-22,2025-09-23,1,2495.35,-1.422,-1.522,-2.7,0.31,0,stop-loss,1
ULTRACEMCO,Cement,2025-09-22,2025-09-23,2025-09-24,1,12656.32,-2.413,-2.513,-3.61,0.33,0,stop-loss,1
ADANIPORTS,Aviation / Logistics,2025-09-25,2025-09-26,2025-09-29,3,1407.9,-1.804,-1.904,-2.15,0.63,0,thesis-break,1
ADANIPOWER,Power / Utilities,2025-09-25,2025-09-26,2025-10-03,7,151.43,-2.723,-2.823,-5.47,1.23,0,time-stop,1
BHARTIARTL,Telecom,2025-09-25,2025-09-26,2025-09-29,3,1932.07,-1.595,-1.695,-1.79,0.65,0,thesis-break,1
BPCL,Oil & Gas / Energy,2025-09-25,2025-09-26,2025-10-03,7,329.96,3.461,3.361,-2.12,5.38,1,time-stop,1
GESHIP,Aviation / Logistics,2025-09-25,2025-09-26,2025-09-29,3,1010.61,-3.378,-3.478,-3.91,0.55,0,stop-loss,1
ADANIENT,Misc Large-Cap,2025-09-26,2025-09-29,2025-10-06,7,2467.31,1.07,0.97,-2.86,2.67,1,time-stop,1
IDEA,Telecom,2025-09-26,2025-09-29,2025-10-06,7,8.06,5.034,4.934,-0.5,11.04,1,time-stop,1
LT,Infra / Capital Goods,2025-09-26,2025-09-29,2025-10-01,2,3739.87,-2.765,-2.865,-3.34,0,0,stop-loss,1
HINDZINC,Metals / Mining,2025-09-30,2025-10-01,2025-10-08,7,485.34,1.013,0.913,-2.11,2.96,1,time-stop,1
LICI,Insurance,2025-10-03,2025-10-06,2025-10-13,7,450.22,-0.403,-0.503,-1.26,2.24,0,time-stop,1
TATAPOWER,Power / Utilities,2025-10-06,2025-10-07,2025-10-08,1,395.7,-2.381,-2.481,-2.89,0.45,0,stop-loss,1
APOLLOHOSP,Pharma / Healthcare,2025-10-07,2025-10-08,2025-10-15,7,7701.35,1.568,1.468,-1.06,1.93,1,time-stop,1
BAJAJ-AUTO,Auto,2025-10-07,2025-10-08,2025-10-09,1,8907.45,-1.143,-1.243,-2.31,0,0,thesis-break,1
BLUESTARCO,Consumer Durables / Retail,2025-10-07,2025-10-08,2025-10-09,1,1920.96,-1.541,-1.641,-3.07,0,0,thesis-break,1
BOSCHLTD,Auto Ancillary,2025-10-07,2025-10-08,2025-10-09,1,38769.38,-0.835,-0.935,-1.71,0.45,0,thesis-break,1
CGPOWER,Infra / Capital Goods,2025-10-07,2025-10-08,2025-10-14,6,745.37,0.028,-0.072,-1.22,2.43,0,thesis-break,1
CUMMINSIND,Infra / Capital Goods,2025-10-07,2025-10-08,2025-10-15,7,3958.48,-0.077,-0.177,-1.92,1.81,0,time-stop,1
M&M,Auto,2025-10-07,2025-10-08,2025-10-09,1,3501.75,-1.73,-1.83,-2.26,0.23,0,thesis-break,1
SWIGGY,New-Age Platforms,2025-10-07,2025-10-08,2025-10-15,7,420.21,5.299,5.199,-0.88,5.54,1,time-stop,1
TATACOMM,Misc Large-Cap,2025-10-08,2025-10-09,2025-10-10,1,1677.84,10.237,10.137,-0.38,16.1,1,target2,2
ETERNAL,New-Age Platforms,2025-10-09,2025-10-10,2025-10-17,7,342.72,3.587,3.487,-2.62,7.51,1,stop-loss,2
LICI,Insurance,2025-10-09,2025-10-10,2025-10-16,6,447.72,-0.193,-0.293,-0.6,1.4,0,thesis-break,1
TATASTEEL,Metals / Mining,2025-10-09,2025-10-10,2025-10-13,3,176.09,-2.809,-2.909,-2.94,0.03,0,stop-loss,1
ADANIPORTS,Aviation / Logistics,2025-10-10,2025-10-13,2025-10-20,7,1401.5,5.13,5.03,-0.39,6.35,1,time-stop,2
MOTHERSON,Auto,2025-10-10,2025-10-13,2025-10-20,7,103.05,2.588,2.488,-0.99,5.34,1,time-stop,1
APOLLOHOSP,Pharma / Healthcare,2025-10-13,2025-10-14,2025-10-21,7,7852.42,2.044,1.944,-2.26,2.71,1,time-stop,2
BAJAJFINSV,NBFC / Financial Services,2025-10-13,2025-10-14,2025-10-21,7,2025.91,5.698,5.598,-0.95,7.8,1,target2,2
BLUESTARCO,Consumer Durables / Retail,2025-10-13,2025-10-14,2025-10-21,7,1912.76,2.575,2.475,-2.22,3.88,1,time-stop,1
CGPOWER,Infra / Capital Goods,2025-10-13,2025-10-14,2025-10-20,6,748.17,-2.337,-2.437,-3.18,2.72,0,stop-loss,1
CUMMINSIND,Infra / Capital Goods,2025-10-13,2025-10-14,2025-10-21,7,3958.98,1.008,0.908,-0.79,1.88,1,time-stop,1
M&M,Auto,2025-10-13,2025-10-14,2025-10-21,7,3471.63,4.185,4.085,-1.26,5.89,1,time-stop,2
NESTLEIND,FMCG / Consumer,2025-10-13,2025-10-14,2025-10-16,2,1190.7,5.962,5.862,-1.65,8.05,1,target2,2
SWIGGY,New-Age Platforms,2025-10-13,2025-10-14,2025-10-20,6,435.42,-3.153,-3.253,-4.44,5.63,0,thesis-break,1
BAJAJ-AUTO,Auto,2025-10-14,2025-10-15,2025-10-23,8,9111.05,-0.753,-0.853,-1.71,1.38,0,time-stop,1
MOTHERSON,Auto,2025-10-15,2025-10-16,2025-10-23,7,104.95,2.198,2.098,-1.07,4.48,1,time-stop,1
ASHOKLEY,Auto,2025-10-16,2025-10-17,2025-10-17,0,137.42,-2.377,-2.477,-2.34,0.2,0,stop-loss,1
JINDALSTEL,Metals / Mining,2025-10-16,2025-10-17,2025-10-20,3,1023.31,-1.78,-1.88,-2.41,0.37,0,thesis-break,1
SAIL,Metals / Mining,2025-10-16,2025-10-17,2025-10-20,3,131.45,-1.274,-1.374,-2.82,0.54,0,thesis-break,1
BOSCHLTD,Auto Ancillary,2025-10-17,2025-10-20,2025-10-27,7,38604.29,0.987,0.887,-0.53,2.37,1,time-stop,1
TORNTPHARM,Pharma / Healthcare,2025-10-17,2025-10-20,2025-10-27,7,3586.69,0.221,0.121,-0.73,2.76,1,time-stop,1
MOTHERSON,Auto,2025-10-20,2025-10-21,2025-10-28,7,106.66,0.25,0.15,-1.62,2.8,1,time-stop,1
ZYDUSLIFE,Pharma / Healthcare,2025-10-20,2025-10-21,2025-10-28,7,1002.85,-0.209,-0.309,-1.18,1.43,0,time-stop,1
ASHOKLEY,Auto,2025-10-21,2025-10-23,2025-10-30,7,137.07,2.768,2.668,-0.91,3.77,1,time-stop,2
COCHINSHIP,Defence / Aerospace,2025-10-21,2025-10-23,2025-10-30,7,1821.91,-2.212,-2.312,-2.3,2.31,0,time-stop,1
NMDC,Metals / Mining,2025-10-21,2025-10-23,2025-10-23,0,75.53,-1.797,-1.897,-3.51,0,0,stop-loss,1
LICI,Insurance,2025-10-23,2025-10-24,2025-10-31,7,451.58,-0.986,-1.086,-2.01,1.93,0,time-stop,1
BOSCHLTD,Auto Ancillary,2025-10-27,2025-10-28,2025-10-29,1,38874.43,-2.336,-2.436,-5.34,1.27,0,stop-loss,1
COCHINSHIP,Defence / Aerospace,2025-10-27,2025-10-28,2025-10-30,2,1830.21,-2.656,-2.756,-2.74,0.44,0,thesis-break,1
EICHERMOT,Auto,2025-10-27,2025-10-28,2025-11-04,7,6908.45,0.262,0.162,-0.57,2.76,1,time-stop,1
ETERNAL,New-Age Platforms,2025-10-27,2025-10-28,2025-10-29,1,332.92,-0.792,-0.892,-1.25,0.99,0,thesis-break,1
JINDALSTEL,Metals / Mining,2025-10-27,2025-10-28,2025-11-04,7,1034.82,4.381,4.281,-0.75,6.08,1,time-stop,1
TORNTPHARM,Pharma / Healthcare,2025-10-27,2025-10-28,2025-11-04,7,3601.6,-0.788,-0.888,-1.6,1.26,0,time-stop,1
LICI,Insurance,2025-10-28,2025-10-29,2025-11-06,8,449.72,-0.421,-0.521,-1.02,2.84,0,time-stop,1
NMDC,Metals / Mining,2025-10-28,2025-10-29,2025-11-06,8,75.29,-3.541,-3.641,-3.57,3.13,0,stop-loss,1
CGPOWER,Infra / Capital Goods,2025-10-29,2025-10-30,2025-10-31,1,754.38,-2.399,-2.499,-3.68,0,0,thesis-break,1
HINDZINC,Metals / Mining,2025-10-29,2025-10-30,2025-10-31,1,482.19,-1.229,-1.329,-1.56,0.06,0,thesis-break,1
KEI,Infra / Capital Goods,2025-10-29,2025-10-30,2025-10-31,1,4097.95,-1.956,-2.056,-2.15,0.76,0,stop-loss,1
MUTHOOTFIN,NBFC / Financial Services,2025-10-29,2025-10-30,2025-11-06,7,3191.59,-0.294,-0.394,-1.5,1.67,0,time-stop,1
NHPC,Power / Utilities,2025-10-30,2025-10-31,2025-11-03,3,85.97,-0.794,-0.894,-1.63,0.15,0,thesis-break,1
CGPOWER,Infra / Capital Goods,2025-11-03,2025-11-04,2025-11-07,3,744.37,-1.543,-1.643,-3.27,1.71,0,thesis-break,1
HINDZINC,Metals / Mining,2025-11-03,2025-11-04,2025-11-06,2,479.39,-2.675,-2.775,-2.79,0.16,0,stop-loss,1
M&M,Auto,2025-11-03,2025-11-04,2025-11-12,8,3550.37,5.556,5.456,-0.37,6.5,1,time-stop,2
MUTHOOTFIN,NBFC / Financial Services,2025-11-03,2025-11-04,2025-11-11,7,3181.59,6.475,6.375,-1.14,6.8,1,time-stop,1
APOLLOHOSP,Pharma / Healthcare,2025-11-04,2025-11-06,2025-11-07,1,7736.37,-1.449,-1.549,-1.43,2,0,stop-loss,1
NYKAA,New-Age Platforms,2025-11-04,2025-11-06,2025-11-06,0,254.03,-3.737,-3.837,-3.91,0,0,stop-loss,1
TATASTEEL,Metals / Mining,2025-11-06,2025-11-07,2025-11-11,4,177.09,2.179,2.079,-1.17,3.28,1,thesis-break,1
PAYTM,New-Age Platforms,2025-11-07,2025-11-10,2025-11-12,2,1340.67,-2.62,-2.72,-3.02,0.98,0,thesis-break,1
ADANIPOWER,Power / Utilities,2025-11-11,2025-11-12,2025-11-13,1,152.08,-0.201,-0.301,-0.93,1.39,0,thesis-break,1
BAJAJ-AUTO,Auto,2025-11-11,2025-11-12,2025-11-13,1,8939.47,-0.855,-0.955,-1.56,0,0,thesis-break,1
HEROMOTOCO,Auto,2025-11-11,2025-11-12,2025-11-19,7,5442.72,6.87,6.77,-0.39,8.7,1,time-stop,2
HINDZINC,Metals / Mining,2025-11-11,2025-11-12,2025-11-18,6,489.59,-4.078,-4.178,-4.37,2.94,0,stop-loss,1
KEI,Infra / Capital Goods,2025-11-11,2025-11-12,2025-11-19,7,4076.94,1.006,0.906,-0.39,2.3,1,time-stop,1
MARUTI,Auto,2025-11-11,2025-11-12,2025-11-13,1,15681.84,0.378,0.278,-0.81,0.75,1,thesis-break,1
MOTHERSON,Auto,2025-11-11,2025-11-12,2025-11-19,7,105.95,6.412,6.312,-1.94,7.1,1,time-stop,2
MRF,Auto Ancillary,2025-11-11,2025-11-12,2025-11-17,5,158444.18,-0.876,-0.976,-1.4,0.79,0,thesis-break,1
TVSMOTOR,Auto,2025-11-11,2025-11-12,2025-11-13,1,3483.44,-0.992,-1.092,-1.18,0.24,0,thesis-break,1
CGPOWER,Infra / Capital Goods,2025-11-12,2025-11-13,2025-11-19,6,739.37,-2.114,-2.214,-2.84,1.92,0,thesis-break,1
HAL,Defence / Aerospace,2025-11-12,2025-11-13,2025-11-20,7,4738.37,-0.509,-0.609,-2.15,2.5,0,time-stop,1
HDFCBANK,Banks,2025-11-12,2025-11-13,2025-11-20,7,984.49,2.423,2.323,-0.86,2.75,1,time-stop,1
MARICO,FMCG / Consumer,2025-11-12,2025-11-13,2025-11-20,7,721.31,3.324,3.224,-1.24,6.1,1,time-stop,2
EICHERMOT,Auto,2025-11-13,2025-11-14,2025-11-14,0,6802.4,-1.55,-1.65,-1.95,0.7,0,stop-loss,1
MPHASIS,IT,2025-11-13,2025-11-14,2025-11-17,3,2791.39,-2.749,-2.849,-4.1,0.81,0,stop-loss,1
BAJAJFINSV,NBFC / Financial Services,2025-11-14,2025-11-17,2025-11-19,2,2066.83,-0.854,-0.954,-1.54,0.69,0,thesis-break,1
BAJFINANCE,NBFC / Financial Services,2025-11-14,2025-11-17,2025-11-18,1,1021.51,-0.824,-0.924,-0.96,1.12,0,thesis-break,1
HINDALCO,Metals / Mining,2025-11-14,2025-11-17,2025-11-19,2,801.4,-1.353,-1.453,-1.63,0.95,0,thesis-break,1
TATACOMM,Misc Large-Cap,2025-11-14,2025-11-17,2025-11-24,7,1882.14,-0.121,-0.221,-1.52,3.5,0,time-stop,1
TATACONSUM,FMCG / Consumer,2025-11-14,2025-11-17,2025-11-24,7,1166.58,1.614,1.514,-1.51,2.41,1,time-stop,1
ADANIPOWER,Power / Utilities,2025-11-17,2025-11-18,2025-11-19,1,153.23,-1.107,-1.207,-2.68,0.42,0,thesis-break,1
BAJAJ-AUTO,Auto,2025-11-17,2025-11-18,2025-11-25,7,8979.99,0.707,0.607,-1.36,1.84,1,time-stop,1
CGPOWER,Infra / Capital Goods,2025-11-17,2025-11-18,2025-11-19,1,749.82,-3.281,-3.381,-4.19,0.01,0,stop-loss,1
KOTAKBANK,Banks,2025-11-17,2025-11-18,2025-11-19,1,418.33,0.631,0.531,-0.56,0.88,1,thesis-break,1
MARUTI,Auto,2025-11-17,2025-11-18,2025-11-20,2,15885.94,-0.584,-0.684,-1.69,0.71,0,thesis-break,1
SBICARD,NBFC / Financial Services,2025-11-17,2025-11-18,2025-11-19,1,889.64,-3.649,-3.749,-4.19,0,0,stop-loss,1
TVSMOTOR,Auto,2025-11-17,2025-11-18,2025-11-19,1,3486.74,-0.309,-0.409,-1.31,0.52,0,thesis-break,1
BHARTIARTL,Telecom,2025-11-18,2025-11-19,2025-11-26,7,2156.08,-1.407,-1.507,-2.72,0.85,0,time-stop,1
POLICYBZR,New-Age Platforms,2025-11-18,2025-11-19,2025-11-25,6,1801.2,-1.881,-1.981,-2.54,3.63,0,thesis-break,1
ONGC,Oil & Gas / Energy,2025-11-19,2025-11-20,2025-11-21,1,249.12,-0.921,-1.021,-1.17,0.79,0,thesis-break,1
TATACOMM,Misc Large-Cap,2025-11-19,2025-11-20,2025-11-26,6,1894.95,-2.368,-2.468,-4.47,2.8,0,thesis-break,1
BAJAJFINSV,NBFC / Financial Services,2025-11-20,2025-11-21,2025-11-24,3,2101.05,-3.421,-3.521,-3.58,0,0,stop-loss,1
BAJFINANCE,NBFC / Financial Services,2025-11-20,2025-11-21,2025-11-24,3,1020.51,-2.645,-2.745,-2.99,0.69,0,stop-loss,1
DIVISLAB,Pharma / Healthcare,2025-11-20,2025-11-21,2025-11-21,0,6465.23,-0.847,-0.947,-1.7,0,0,stop-loss,1
HINDALCO,Metals / Mining,2025-11-20,2025-11-21,2025-11-24,3,786.39,-1.645,-1.745,-1.85,0.22,0,stop-loss,1
JSWSTEEL,Metals / Mining,2025-11-20,2025-11-21,2025-11-21,0,1166.58,-1.663,-1.763,-2.87,0.03,0,stop-loss,1
ADANIENT,Misc Large-Cap,2025-11-21,2025-11-24,2025-11-25,1,2427.41,-3.861,-3.961,-4.21,0.2,0,stop-loss,1
KEI,Infra / Capital Goods,2025-11-24,2025-11-25,2025-12-02,7,4109.85,1.761,1.661,-1.7,2.34,1,time-stop,1
ADANIPOWER,Power / Utilities,2025-11-26,2025-11-27,2025-11-28,1,149.22,-1.209,-1.309,-1.35,0.95,0,thesis-break,1
BAJAJFINSV,NBFC / Financial Services,2025-11-26,2025-11-27,2025-12-03,6,2086.14,-1.973,-2.073,-2.45,1.53,0,thesis-break,1
DIVISLAB,Pharma / Healthcare,2025-11-26,2025-11-27,2025-12-01,4,6517.76,-1.511,-1.611,-1.74,0.77,0,thesis-break,1
GESHIP,Aviation / Logistics,2025-11-26,2025-11-27,2025-12-04,7,1100.45,0.272,0.172,-2.11,2.97,1,time-stop,1
HINDALCO,Metals / Mining,2025-11-26,2025-11-27,2025-12-04,7,808.3,0.259,0.159,-0.97,2.22,1,time-stop,1
HINDPETRO,Oil & Gas / Energy,2025-11-26,2025-11-27,2025-11-28,1,467.33,-2.152,-2.252,-2.49,0.42,0,thesis-break,1
JINDALSTEL,Metals / Mining,2025-11-26,2025-11-27,2025-11-28,1,1048.42,-0.433,-0.533,-1.36,0.62,0,thesis-break,1
JSWSTEEL,Metals / Mining,2025-11-26,2025-11-27,2025-12-03,6,1159.58,-3.776,-3.876,-4.72,2.19,0,stop-loss,1
KOTAKBANK,Banks,2025-11-26,2025-11-27,2025-12-04,7,421.01,1.391,1.291,-0.65,2.75,1,time-stop,1
MRF,Auto Ancillary,2025-11-26,2025-11-27,2025-11-28,1,155077.5,-1.763,-1.863,-1.98,0,0,thesis-break,1
ONGC,Oil & Gas / Energy,2025-11-26,2025-11-27,2025-11-27,0,248.12,-1.883,-1.983,-2.14,0.27,0,stop-loss,1
POLYCAB,Infra / Capital Goods,2025-11-26,2025-11-27,2025-11-28,1,7563.78,-1.289,-1.389,-1.83,0,0,thesis-break,1
PRESTIGE,Realty,2025-11-26,2025-11-27,2025-11-28,1,1680.84,-0.516,-0.616,-1.37,0.72,0,thesis-break,1
SAIL,Metals / Mining,2025-11-26,2025-11-27,2025-11-28,1,137.87,-2.196,-2.296,-2.45,1.29,0,thesis-break,1
KEI,Infra / Capital Goods,2025-12-01,2025-12-02,2025-12-09,7,4112.05,-2.605,-2.705,-3.04,2.26,0,stop-loss,1
PAYTM,New-Age Platforms,2025-12-01,2025-12-02,2025-12-08,6,1367.38,-3.925,-4.025,-4.7,1.05,0,stop-loss,1
HINDZINC,Metals / Mining,2025-12-02,2025-12-03,2025-12-10,7,500.25,2.428,2.328,-3.65,3.27,1,time-stop,1
INFY,IT,2025-12-04,2025-12-05,2025-12-12,7,1610.8,-0.832,-0.932,-1.88,1.3,0,time-stop,1
POLICYBZR,New-Age Platforms,2025-12-05,2025-12-08,2025-12-15,7,1900.95,1.288,1.188,-1.63,3.33,1,time-stop,1
HINDZINC,Metals / Mining,2025-12-08,2025-12-09,2025-12-12,3,489.24,9.431,9.331,-1.48,15.99,1,target2,2
DRREDDY,Pharma / Healthcare,2025-12-11,2025-12-12,2025-12-19,7,1275.64,0.151,0.051,-1.07,1.35,1,time-stop,1
SRF,Chemicals / Fertilizers,2025-12-12,2025-12-15,2025-12-22,7,3025.11,2.147,2.047,-1.33,3.81,1,time-stop,1
VEDL,Metals / Mining,2025-12-12,2025-12-15,2025-12-22,7,202.54,7.858,7.758,-0.35,9.84,1,time-stop,2
DRREDDY,Pharma / Healthcare,2025-12-16,2025-12-17,2025-12-24,7,1270.63,-0.43,-0.53,-1.43,1.75,0,time-stop,1
GESHIP,Aviation / Logistics,2025-12-16,2025-12-17,2025-12-19,2,1107.55,-1.372,-1.472,-1.84,2.35,0,thesis-break,1
SRF,Chemicals / Fertilizers,2025-12-17,2025-12-18,2025-12-26,8,3034.82,2.149,2.049,-0.62,3.56,1,time-stop,1
BPCL,Oil & Gas / Energy,2025-12-18,2025-12-19,2025-12-26,7,364.13,0.463,0.363,-0.67,2.57,1,time-stop,1
INFY,IT,2025-12-19,2025-12-22,2025-12-29,7,1664.83,-1.259,-1.359,-1.67,1.7,0,time-stop,1
HINDALCO,Metals / Mining,2025-12-22,2025-12-23,2025-12-30,7,871.44,1.408,1.308,-1.22,1.93,1,time-stop,1
MARICO,FMCG / Consumer,2025-12-23,2025-12-24,2025-12-31,7,739.37,1.468,1.368,-1.13,2.11,1,time-stop,1
NYKAA,New-Age Platforms,2025-12-23,2025-12-24,2025-12-31,7,258.13,2.668,2.568,-0.83,3.51,1,time-stop,1
BANKBARODA,Banks,2025-12-24,2025-12-26,2025-12-29,3,289.34,-0.651,-0.751,-0.76,0.83,0,thesis-break,1
M&M,Auto,2025-12-26,2025-12-29,2026-01-05,7,3624.51,4.579,4.479,-1.36,5.94,1,time-stop,2
BRITANNIA,FMCG / Consumer,2025-12-29,2025-12-30,2026-01-01,2,6048.02,-0.86,-0.96,-1.12,0.36,0,thesis-break,1
POLYCAB,Infra / Capital Goods,2025-12-29,2025-12-30,2026-01-06,7,7478.74,4.183,4.083,-0.12,5.21,1,time-stop,1
SRF,Chemicals / Fertilizers,2025-12-29,2025-12-30,2026-01-02,3,3086.44,-0.922,-1.022,-2.66,0.95,0,thesis-break,1
TATACOMM,Misc Large-Cap,2025-12-30,2025-12-31,2026-01-02,2,1812.61,-1.291,-1.391,-1.61,1.19,0,thesis-break,1
ASIANPAINT,Paints,2025-12-31,2026-01-01,2026-01-02,1,2777.29,-0.219,-0.319,-1.12,0.78,0,thesis-break,1
BIOCON,Pharma / Healthcare,2025-12-31,2026-01-01,2026-01-06,5,393.2,-2.096,-2.196,-2.61,1.46,0,thesis-break,1
HEROMOTOCO,Auto,2025-12-31,2026-01-01,2026-01-08,7,5773.89,1.268,1.168,-0.76,4.76,1,time-stop,1
LTM,IT,2025-12-31,2026-01-01,2026-01-02,1,6066.53,-0.042,-0.142,-0.44,1.29,0,thesis-break,1
PERSISTENT,IT,2025-12-31,2026-01-01,2026-01-02,1,6288.14,-0.028,-0.128,-1.19,0.65,0,thesis-break,1
ADANIPORTS,Aviation / Logistics,2026-01-01,2026-01-02,2026-01-07,5,1480.84,-1.099,-1.199,-1.47,1.08,0,thesis-break,1
AUROPHARMA,Pharma / Healthcare,2026-01-01,2026-01-02,2026-01-09,7,1201.3,2.358,2.258,-1.11,5.79,1,stop-loss,2
GESHIP,Aviation / Logistics,2026-01-01,2026-01-02,2026-01-06,4,1111.56,-1.647,-1.747,-2.43,2.15,0,thesis-break,1
HCLTECH,IT,2026-01-01,2026-01-02,2026-01-05,3,1632.82,-1.675,-1.775,-3.23,0.62,0,stop-loss,1
IOC,Oil & Gas / Energy,2026-01-01,2026-01-02,2026-01-07,5,166.78,-2.513,-2.613,-3.29,1.21,0,thesis-break,1
ASIANPAINT,Paints,2026-01-05,2026-01-06,2026-01-13,7,2821.41,2.249,2.149,-1.82,3.3,1,time-stop,1
BRITANNIA,FMCG / Consumer,2026-01-05,2026-01-06,2026-01-09,3,6043.02,-1.134,-1.234,-1.87,3.77,0,thesis-break,1
LTM,IT,2026-01-05,2026-01-06,2026-01-06,0,6053.02,-1.173,-1.273,-1.37,0.5,0,stop-loss,1
HCLTECH,IT,2026-01-06,2026-01-07,2026-01-14,7,1621.61,2.84,2.74,-0.3,4.69,1,time-stop,1
PERSISTENT,IT,2026-01-06,2026-01-07,2026-01-14,7,6209.1,3.161,3.061,-0.05,6.26,1,time-stop,2
SUNPHARMA,Pharma / Healthcare,2026-01-06,2026-01-07,2026-01-12,5,1755.88,-1.182,-1.282,-2.38,2.89,0,thesis-break,1
HINDALCO,Metals / Mining,2026-01-08,2026-01-09,2026-01-19,10,902.45,5.539,5.439,-0.94,7.1,1,time-stop,2
HINDALCO,Metals / Mining,2026-01-09,2026-01-12,2026-01-19,7,910.4,4.38,4.28,-1.47,6.16,1,time-stop,2
ULTRACEMCO,Cement,2026-01-09,2026-01-12,2026-01-19,7,11875.93,3.494,3.394,-0.76,4.45,1,time-stop,1
ALKEM,Pharma / Healthcare,2026-01-12,2026-01-13,2026-01-19,6,5909.95,-3.364,-3.464,-3.57,0.4,0,stop-loss,1
HCLTECH,IT,2026-01-16,2026-01-19,2026-01-27,8,1698.85,1.206,1.106,-1.76,1.57,1,time-stop,1
JSWSTEEL,Metals / Mining,2026-01-27,2026-01-28,2026-02-01,4,1232.62,-4.254,-4.354,-4.84,1,0,stop-loss,1
HCLTECH,IT,2026-01-28,2026-01-29,2026-02-01,3,1723.66,-2.483,-2.583,-6.41,0.08,0,stop-loss,1
TATASTEEL,Metals / Mining,2026-01-28,2026-01-29,2026-02-01,3,194.55,-3.785,-3.885,-5.29,4.34,0,stop-loss,1
MUTHOOTFIN,NBFC / Financial Services,2026-01-29,2026-01-30,2026-01-30,0,4002,-1.63,-1.73,-5.02,0,0,stop-loss,1
NTPC,Power / Utilities,2026-01-29,2026-01-30,2026-02-01,2,359.18,-3.498,-3.598,-6.04,0.45,0,stop-loss,1
HINDALCO,Metals / Mining,2026-01-30,2026-02-01,2026-02-01,0,920.46,0.068,-0.032,-5.88,1.74,0,stop-loss,1
VEDL,Metals / Mining,2026-01-30,2026-02-01,2026-02-01,0,237.75,1.144,1.044,-3.45,6.07,1,stop-loss,1
ONGC,Oil & Gas / Energy,2026-02-01,2026-02-02,2026-02-09,7,251.73,5.854,5.754,-1.64,7.62,1,time-stop,1
EICHERMOT,Auto,2026-02-09,2026-02-10,2026-02-13,3,7283.64,8.061,7.961,-1.13,11.47,1,target2,2
HINDZINC,Metals / Mining,2026-02-09,2026-02-10,2026-02-11,1,632.32,-0.646,-0.746,-3.01,0.02,0,thesis-break,1
MUTHOOTFIN,NBFC / Financial Services,2026-02-09,2026-02-10,2026-02-13,3,3792.4,-6.335,-6.435,-6.32,7.66,0,stop-loss,1
PNB,Banks,2026-02-09,2026-02-10,2026-02-11,1,124.06,-0.977,-1.077,-2.38,0,0,thesis-break,1
VEDL,Metals / Mining,2026-02-09,2026-02-10,2026-02-17,7,256.85,-2.692,-2.792,-3.8,3.3,0,time-stop,1
TECHM,IT,2026-02-10,2026-02-11,2026-02-12,1,1655.83,-3.83,-3.93,-7.72,0.13,0,stop-loss,1
PFC,NBFC / Financial Services,2026-02-13,2026-02-16,2026-02-19,3,400.3,2.26,2.16,-0.76,5.92,1,thesis-break,1
LT,Infra / Capital Goods,2026-02-16,2026-02-17,2026-02-24,7,4212.21,1.065,0.965,-0.52,5.41,1,time-stop,1
CANBK,Banks,2026-02-17,2026-02-18,2026-02-25,7,149.57,6.205,6.105,-0.78,6.71,1,time-stop,1
COALINDIA,Metals / Mining,2026-02-17,2026-02-18,2026-02-19,1,418.66,-0.649,-0.749,-1.33,0.28,0,thesis-break,1
PNB,Banks,2026-02-17,2026-02-18,2026-02-25,7,125.16,4.246,4.146,-0.26,6.05,1,time-stop,1
ICICIPRULI,Insurance,2026-02-18,2026-02-19,2026-02-26,7,651.48,3.489,3.389,-1.32,4,1,time-stop,1
VEDL,Metals / Mining,2026-02-18,2026-02-19,2026-02-26,7,255.89,7.793,7.693,-1.97,7.98,1,time-stop,1
ABB,Infra / Capital Goods,2026-02-20,2026-02-23,2026-03-02,7,6093.05,-1.855,-1.955,-5.22,1.85,0,time-stop,1
THERMAX,Infra / Capital Goods,2026-02-20,2026-02-23,2026-03-02,7,3153.58,-1.691,-1.791,-4.49,2.95,0,time-stop,1
ICICIPRULI,Insurance,2026-02-23,2026-02-24,2026-03-04,8,665.53,-3.483,-3.583,-6.24,1.81,0,stop-loss,1
POLYCAB,Infra / Capital Goods,2026-02-23,2026-02-24,2026-03-04,8,7972.98,5.416,5.316,-0.78,9.39,1,time-stop,2
HDFCAMC,NBFC / Financial Services,2026-02-25,2026-02-26,2026-03-02,4,2756.38,-3.599,-3.699,-5.62,0.24,0,stop-loss,1
HINDALCO,Metals / Mining,2026-02-25,2026-02-26,2026-03-05,7,942.47,1.274,1.174,-4.92,4.35,1,time-stop,1
HINDZINC,Metals / Mining,2026-02-25,2026-02-26,2026-02-27,1,620.81,-2.789,-2.889,-3.19,0,0,thesis-break,1
ICICIBANK,Banks,2026-02-25,2026-02-26,2026-02-27,1,1405.8,-2.016,-2.116,-2.07,0.3,0,stop-loss,1
OIL,Oil & Gas / Energy,2026-02-25,2026-02-26,2026-03-05,7,470.49,1.779,1.679,-0.16,7.6,1,time-stop,1
CHAMBLFERT,Chemicals / Fertilizers,2026-02-27,2026-03-02,2026-03-02,0,442.27,0.348,0.248,-0.05,3.52,1,stop-loss,1
HINDZINC,Metals / Mining,2026-03-02,2026-03-04,2026-03-05,1,605.1,-1.611,-1.711,-3.16,0.46,0,thesis-break,1
COALINDIA,Metals / Mining,2026-03-04,2026-03-05,2026-03-13,8,440.37,6.029,5.929,-1.5,8.09,1,time-stop,2
VEDL,Metals / Mining,2026-03-04,2026-03-05,2026-03-09,4,264.5,0.317,0.217,-1.24,4.4,1,thesis-break,1
AUROPHARMA,Pharma / Healthcare,2026-03-10,2026-03-11,2026-03-18,7,1291.65,-1.803,-1.903,-2.04,2.18,0,time-stop,1
SOLARINDS,Defence / Aerospace,2026-03-13,2026-03-16,2026-03-18,2,14264.13,-4.01,-4.11,-4.24,1.56,0,thesis-break,1
GESHIP,Aviation / Logistics,2026-03-16,2026-03-17,2026-03-19,2,1380.69,4.338,4.238,-0.12,6.79,1,thesis-break,1
PFC,NBFC / Financial Services,2026-03-18,2026-03-19,2026-03-19,0,423.21,-3.257,-3.357,-3.33,0.81,0,stop-loss,1
ABB,Infra / Capital Goods,2026-04-08,2026-04-09,2026-04-16,7,6578.29,4.587,4.487,-1.44,6.3,1,time-stop,1
BEL,Defence / Aerospace,2026-04-08,2026-04-09,2026-04-16,7,425.21,7.105,7.005,-0.17,7.48,1,time-stop,1
BHEL,Infra / Capital Goods,2026-04-10,2026-04-13,2026-04-20,7,279.14,15.132,15.032,-0.95,19.58,1,time-stop,2
BEL,Defence / Aerospace,2026-04-13,2026-04-15,2026-04-22,7,447.72,0.169,0.069,-0.67,3.73,1,time-stop,1
SHRIRAMFIN,NBFC / Financial Services,2026-04-13,2026-04-15,2026-04-22,7,1030.51,1.312,1.212,-1.68,3.12,1,time-stop,1
LT,Infra / Capital Goods,2026-04-15,2026-04-16,2026-04-23,7,4130.06,-1.888,-1.988,-3.67,0.46,0,time-stop,1
PFC,NBFC / Financial Services,2026-04-15,2026-04-16,2026-04-23,7,448.02,4.809,4.709,-0.34,6.91,1,time-stop,1
LT,Infra / Capital Goods,2026-04-21,2026-04-22,2026-04-29,7,4072.03,0.541,0.441,-2.3,1.33,1,time-stop,1
BAJAJ-AUTO,Auto,2026-04-22,2026-04-23,2026-04-29,6,9579.79,-0.429,-0.529,-1.09,1.41,0,thesis-break,1
KEI,Infra / Capital Goods,2026-04-23,2026-04-24,2026-05-04,10,4852.43,4.19,4.09,-2.16,4.49,1,time-stop,1
SHRIRAMFIN,NBFC / Financial Services,2026-04-23,2026-04-24,2026-04-28,4,1007.45,-5.581,-5.681,-5.77,2.28,0,stop-loss,1
VEDL,Metals / Mining,2026-04-23,2026-04-24,2026-05-04,10,275.18,7.022,6.922,-3.77,7.57,1,time-stop,1
BEL,Defence / Aerospace,2026-04-24,2026-04-27,2026-04-28,1,445.22,-2.176,-2.276,-2.76,0.69,0,thesis-break,1
BAJAJ-AUTO,Auto,2026-04-27,2026-04-28,2026-04-29,1,9626.81,-0.915,-1.015,-1.58,0.86,0,thesis-break,1
IDEA,Telecom,2026-04-27,2026-04-28,2026-05-05,7,9.7,12.212,12.112,-0.31,16.7,1,target2,2
JSWINFRA,Misc Large-Cap,2026-04-27,2026-04-28,2026-04-30,2,286.74,-5.578,-5.678,-7.69,0.26,0,stop-loss,1
LT,Infra / Capital Goods,2026-04-27,2026-04-28,2026-05-05,7,4062.03,-0.235,-0.335,-1.77,1.91,0,time-stop,1
POLYCAB,Infra / Capital Goods,2026-04-27,2026-04-28,2026-05-05,7,8044.02,3.59,3.49,-0.91,4.1,1,time-stop,1
ABB,Infra / Capital Goods,2026-04-28,2026-04-29,2026-05-04,5,7343.67,-1.509,-1.609,-3.29,0.4,0,thesis-break,1
KEI,Infra / Capital Goods,2026-04-30,2026-05-04,2026-05-11,7,4903.35,4.366,4.266,-3.74,6.97,1,time-stop,1
TRENT,Consumer Durables / Retail,2026-04-30,2026-05-04,2026-05-11,7,2758.05,1.014,0.914,-1.69,5.27,1,time-stop,1
LT,Infra / Capital Goods,2026-05-04,2026-05-05,2026-05-06,1,4087.04,-3.743,-3.843,-4.58,0.07,0,stop-loss,1
VEDL,Metals / Mining,2026-05-05,2026-05-06,2026-05-13,7,310.15,4.204,4.104,-5.14,4.95,1,time-stop,1
SBIN,Banks,2026-05-06,2026-05-07,2026-05-08,1,1106.55,-4.667,-4.767,-8.64,0.13,0,stop-loss,1
SUNPHARMA,Pharma / Healthcare,2026-05-06,2026-05-07,2026-05-14,7,1851.13,0.602,0.502,-1.72,1.87,1,time-stop,1
SHRIRAMFIN,NBFC / Financial Services,2026-05-07,2026-05-08,2026-05-12,4,1013.51,-5.169,-5.269,-8.64,0,0,stop-loss,1
VEDL,Metals / Mining,2026-05-13,2026-05-14,2026-05-21,7,329.16,0.129,0.029,-2.59,3.49,1,time-stop,1
TATASTEEL,Metals / Mining,2026-05-14,2026-05-15,2026-05-18,3,223.11,-4.23,-4.33,-8.09,0.58,0,stop-loss,1
SAIL,Metals / Mining,2026-05-15,2026-05-18,2026-05-25,7,192.1,3.186,3.086,-2.02,5.84,1,time-stop,1
SUNPHARMA,Pharma / Healthcare,2026-05-18,2026-05-19,2026-05-22,3,1901.45,-3.278,-3.378,-3.59,0.8,0,stop-loss,1
VEDL,Metals / Mining,2026-05-26,2026-05-27,2026-06-02,6,347.57,-4.082,-4.182,-5.57,3.58,0,thesis-break,1
ABB,Infra / Capital Goods,2026-05-27,2026-05-29,2026-06-05,7,7283.64,-1.644,-1.744,-4.48,0.77,0,time-stop,1
LT,Infra / Capital Goods,2026-05-27,2026-05-29,2026-06-02,4,4047.82,-3.119,-3.219,-3.07,1.98,0,stop-loss,1
LICI,Insurance,2026-05-29,2026-06-01,2026-06-02,1,413.61,-3.17,-3.27,-3.99,0.18,0,thesis-break,1
ABB,Infra / Capital Goods,2026-06-01,2026-06-02,2026-06-09,7,6973.48,-0.659,-0.759,-1.15,5.07,0,time-stop,1
COFORGE,IT,2026-06-01,2026-06-02,2026-06-08,6,1472.94,-3.568,-3.668,-5.56,5.5,0,thesis-break,1
LT,Infra / Capital Goods,2026-06-01,2026-06-02,2026-06-04,2,3981.99,-1.051,-1.151,-2.21,0.88,0,thesis-break,1
NMDC,Metals / Mining,2026-06-02,2026-06-03,2026-06-08,5,96.15,-5.601,-5.701,-7.43,1.39,0,stop-loss,1
FEDERALBNK,Banks,2026-06-05,2026-06-08,2026-06-15,7,302.65,4.722,4.622,-0.45,5.96,1,time-stop,1
ABB,Infra / Capital Goods,2026-06-08,2026-06-09,2026-06-10,1,7003.5,-2.94,-3.04,-3.35,0.86,0,thesis-break,1
LICHSGFIN,NBFC / Financial Services,2026-06-15,2026-06-16,2026-06-23,7,553.03,-2.188,-2.288,-2.36,1.43,0,time-stop,1
LT,Infra / Capital Goods,2026-06-15,2026-06-16,2026-06-23,7,4207.1,-0.708,-0.808,-1.08,0.9,0,time-stop,1
ABB,Infra / Capital Goods,2026-06-17,2026-06-18,2026-06-25,7,7178.59,-2.634,-2.734,-3.39,1.75,0,time-stop,1
HAL,Defence / Aerospace,2026-06-17,2026-06-18,2026-06-25,7,4478.24,-2.495,-2.595,-3.78,1.27,0,time-stop,1
KEI,Infra / Capital Goods,2026-06-17,2026-06-18,2026-06-25,7,5646.32,-4.843,-4.943,-7.37,1.09,0,stop-loss,1
SUNPHARMA,Pharma / Healthcare,2026-06-18,2026-06-19,2026-06-29,10,1824.91,2.682,2.582,-0.22,4.25,1,time-stop,1
LUPIN,Pharma / Healthcare,2026-06-19,2026-06-22,2026-06-29,7,2361.18,1.987,1.887,-1.08,2.77,1,time-stop,1
ABB,Infra / Capital Goods,2026-06-22,2026-06-23,2026-06-24,1,7257.13,-3.869,-3.969,-4.44,0.38,0,stop-loss,1
HAL,Defence / Aerospace,2026-06-22,2026-06-23,2026-06-24,1,4536.17,-4.234,-4.334,-5.01,0,0,stop-loss,1
LICHSGFIN,NBFC / Financial Services,2026-06-22,2026-06-23,2026-06-30,7,549.27,2.63,2.53,-1.96,3.05,1,time-stop,1
RECLTD,NBFC / Financial Services,2026-06-24,2026-06-25,2026-07-02,7,366.28,0.856,0.756,-1.71,1.29,1,time-stop,1
AUROPHARMA,Pharma / Healthcare,2026-06-25,2026-06-29,2026-07-06,7,1555.98,2.431,2.331,-1.15,5.19,1,time-stop,1
GODREJPROP,Realty,2026-06-29,2026-06-30,2026-07-07,7,1845.92,9.186,9.086,-0.85,11.69,1,time-stop,2
LICHSGFIN,NBFC / Financial Services,2026-06-29,2026-06-30,2026-07-07,7,564.28,-3.722,-3.822,-3.86,0.75,0,time-stop,1
RECLTD,NBFC / Financial Services,2026-06-29,2026-06-30,2026-07-07,7,365.13,-2.481,-2.581,-2.75,1.98,0,time-stop,1
HAL,Defence / Aerospace,2026-06-30,2026-07-01,2026-07-08,7,4390.09,-0.628,-0.728,-1.92,2.56,0,time-stop,1
ABB,Infra / Capital Goods,2026-07-06,2026-07-07,2026-07-08,1,7110.55,-4.611,-4.711,-5.42,0,0,stop-loss,1
BERGEPAINT,Paints,2026-07-06,2026-07-07,2026-07-08,1,525.76,-4.455,-4.555,-5.8,0.05,0,stop-loss,1
CUMMINSIND,Infra / Capital Goods,2026-07-06,2026-07-07,2026-07-07,0,5571.78,-2.447,-2.547,-2.65,0.12,0,stop-loss,1
HAL,Defence / Aerospace,2026-07-07,2026-07-08,2026-07-09,1,4384.79,-0.184,-0.284,-1.8,1.12,0,thesis-break,1
NHPC,Power / Utilities,2026-07-10,2026-07-13,2026-07-14,1,78.79,-0.075,-0.175,-0.62,1.24,0,thesis-break,1
HAL,Defence / Aerospace,2026-07-13,2026-07-14,2026-07-17,3,4512.36,-0.308,-0.408,-2.67,0,0,end-of-data,1
JSWSTEEL,Metals / Mining,2026-07-14,2026-07-15,2026-07-16,1,1250.22,-2.386,-2.486,-2.47,0.19,0,thesis-break,1
BHEL,Infra / Capital Goods,2026-07-16,2026-07-17,2026-07-17,0,445.22,-5.263,-5.363,-5.6,0.29,0,end-of-data,1
